Location,Latitude,Longitude,AircraftId,Date,Origin,Destination,DepartureAEST,ArrivalAEST
Adelaide,-34.934399,138.541505,FD596,7/7/2022,Adelaide (ADL / YPAD),Essendon (MEB / YMEN),13:02:00,13:21:00
Adelaide,-34.934399,138.541505,FD580,17/7/2022,Adelaide (ADL / YPAD),Port Augusta (PUG / YPAG),10:58:00,11:12:00
Adelaide,-34.934399,138.541505,FD543,5/7/2022,Adelaide (ADL / YPAD),Port Augusta (PUG / YPAG),19:39:00,19:52:00
Adelaide,-34.934399,138.541505,FD534,17/7/2022,Adelaide (ADL / YPAD),Ceduna (CED / YCDU),15:06:00,15:25:00
Adelaide,-34.934399,138.541505,FD596,6/7/2022,Adelaide (ADL / YPAD),Kadina (YKDI),16:32:00,16:32:00
Adelaide,-34.934399,138.541505,FD580,16/7/2022,Adelaide (ADL / YPAD),Ceduna (CED / YCDU),22:07:00,22:26:00
Adelaide,-34.934399,138.541505,FD543,8/7/2022,Adelaide (ADL / YPAD),Port Augusta (PUG / YPAG),09:37:00,09:48:00
Adelaide,-34.934399,138.541505,FD596,5/7/2022,Adelaide (ADL / YPAD),Port Lincoln (PLO / YPLC),19:14:00,19:28:00
Adelaide,-34.934399,138.541505,FD596,14/7/2022,Adelaide (ADL / YPAD),Port Pirie (PPI / YPIR),21:40:00,21:47:00
Adelaide,-34.934399,138.541505,FD580,13/7/2022,Adelaide (ADL / YPAD),Renmark (RMK / YREN),16:34:00,16:39:00
Adelaide,-34.934399,138.541505,FD580,11/7/2022,Adelaide (ADL / YPAD),Yorketown (YYOR),05:04:00,05:04:00
Adelaide,-34.934399,138.541505,FD534,13/7/2022,Adelaide (ADL / YPAD),Kadina (YKDI),23:29:00,23:30:00
Adelaide,-34.934399,138.541505,FD596,13/7/2022,Adelaide (ADL / YPAD),Mount Gambier (MGB / YMTG),16:47:00,17:04:00
Adelaide,-34.934399,138.541505,FD596,18/7/2022,Adelaide (ADL / YPAD),Cleve (CVC / YCEE),13:56:00,14:07:00
Adelaide,-34.934399,138.541505,FD534,16/7/2022,Adelaide (ADL / YPAD),Whyalla (WYA / YWHA),11:11:00,11:25:00
Adelaide,-34.934399,138.541505,FD534,13/7/2022,Adelaide (ADL / YPAD),Port Augusta (PUG / YPAG),10:44:00,10:58:00
Adelaide,-34.934399,138.541505,FD530,16/7/2022,Adelaide (ADL / YPAD),Ceduna (CED / YCDU),09:59:00,10:18:00
Adelaide,-34.934399,138.541505,FD596,6/7/2022,Adelaide (ADL / YPAD),Coober Pedy (CPD / YCBP),15:55:00,16:14:00
Adelaide,-34.934399,138.541505,FD849,6/7/2022,Adelaide (ADL / YPAD),Alice Springs (ASP / YBAS),22:12:00,22:31:00
Adelaide,-34.934399,138.541505,FD278,16/7/2022,Adelaide (ADL / YPAD),Broken Hill (BHQ / YBHI),15:08:00,15:26:00
Adelaide,-34.934399,138.541505,FD596,6/7/2022,Adelaide (ADL / YPAD),Renmark (RMK / YREN),18:55:00,19:03:00
Adelaide,-34.934399,138.541505,FD596,12/7/2022,Adelaide (ADL / YPAD),Port Augusta (PUG / YPAG),10:15:00,10:31:00
Adelaide,-34.934399,138.541505,FD596,14/7/2022,Adelaide (ADL / YPAD),Kingston (YKIG),15:07:00,15:18:00
Adelaide,-34.934399,138.541505,FD534,16/7/2022,Adelaide (ADL / YPAD),Wudinna (YWUD),15:43:00,16:01:00
Adelaide,-34.934399,138.541505,FD596,10/7/2022,Adelaide (ADL / YPAD),Adelaide (ADL / YPAD),22:06:00,22:21:00
Adelaide,-34.934399,138.541505,FD534,17/7/2022,Adelaide (ADL / YPAD),Port Augusta (PUG / YPAG),10:01:00,10:15:00
Adelaide,-34.934399,138.541505,FD580,10/7/2022,Adelaide (ADL / YPAD),Ceduna (CED / YCDU),17:29:00,17:48:00
Adelaide,-34.934399,138.541505,FD534,8/7/2022,Adelaide (ADL / YPAD),Mount Gambier (MGB / YMTG),17:16:00,17:34:00
Adelaide,-34.934399,138.541505,FD534,11/7/2022,Adelaide (ADL / YPAD),Port Pirie (PPI / YPIR),12:46:00,12:54:00
Adelaide,-34.934399,138.541505,FD530,17/7/2022,Adelaide (ADL / YPAD),Ceduna (CED / YCDU),09:07:00,09:26:00
Adelaide,-34.934399,138.541505,FD534,12/7/2022,Adelaide (ADL / YPAD),Port Lincoln (PLO / YPLC),07:46:00,07:59:00
Adelaide,-34.934399,138.541505,FD248,15/7/2022,Adelaide (ADL / YPAD),Broken Hill (BHQ / YBHI),09:21:00,09:39:00
Adelaide,-34.934399,138.541505,FD856,11/7/2022,Adelaide (ADL / YPAD),Alice Springs (ASP / YBAS),18:38:00,18:58:00
Adelaide,-34.934399,138.541505,FD580,13/7/2022,Adelaide (ADL / YPAD),Waikerie (YWKI),10:39:00,10:41:00
Adelaide,-34.934399,138.541505,FD534,8/7/2022,Adelaide (ADL / YPAD),Naracoorte (NAC / YNRC),13:42:00,13:58:00
Adelaide,-34.934399,138.541505,FD534,17/7/2022,Adelaide (ADL / YPAD),Port Augusta (PUG / YPAG),09:58:00,10:12:00
Adelaide,-34.934399,138.541505,FD534,16/7/2022,Adelaide (ADL / YPAD),Olympic Dam (OLP / YOLD),18:54:00,19:12:00
Adelaide,-34.934399,138.541505,FD538,16/7/2022,Adelaide (ADL / YPAD),Whyalla (WYA / YWHA),07:19:00,07:33:00
Adelaide,-34.934399,138.541505,FD534,13/7/2022,Adelaide (ADL / YPAD),Cummins Town (YCMM),18:59:00,19:14:00
Adelaide,-34.934399,138.541505,FD534,12/7/2022,Adelaide (ADL / YPAD),Waikerie (YWKI),08:46:00,08:50:00
Adelaide,-34.934399,138.541505,FD534,12/7/2022,Adelaide (ADL / YPAD),Peterborough (YPTB),03:45:00,03:51:00
Adelaide,-34.934399,138.541505,FD534,11/7/2022,Adelaide (ADL / YPAD),Port Augusta (PUG / YPAG),16:04:00,16:20:00
Adelaide,-34.934399,138.541505,FD248,14/7/2022,Adelaide (ADL / YPAD),White Cliffs (YWHC),16:34:00,16:52:00
Adelaide,-34.934399,138.541505,FD596,17/7/2022,Adelaide (ADL / YPAD),Cowell (YCWL),10:47:00,11:04:00
Adelaide,-34.934399,138.541505,FD596,12/7/2022,Adelaide (ADL / YPAD),Whyalla (WYA / YWHA),18:29:00,18:39:00
Adelaide,-34.934399,138.541505,FD534,11/7/2022,Adelaide (ADL / YPAD),Port Augusta (PUG / YPAG),21:30:00,21:45:00
Adelaide,-34.934399,138.541505,FD596,14/7/2022,Adelaide (ADL / YPAD),Mount Gambier (MGB / YMTG),02:26:00,02:43:00
Adelaide,-34.934399,138.541505,FD596,7/7/2022,Adelaide (ADL / YPAD),Port Lincoln (PLO / YPLC),18:52:00,19:03:00
Adelaide,-34.934399,138.541505,FD534,15/7/2022,Adelaide (ADL / YPAD),Whyalla (WYA / YWHA),00:16:00,00:31:00
Adelaide,-34.934399,138.541505,FD596,8/7/2022,Adelaide (ADL / YPAD),Mount Gambier (MGB / YMTG),15:09:00,15:26:00
Adelaide,-34.934399,138.541505,FD580,8/7/2022,Adelaide (ADL / YPAD),Whyalla (WYA / YWHA),17:03:00,17:12:00
Adelaide,-34.934399,138.541505,FD534,15/7/2022,Adelaide (ADL / YPAD),Pinaroo (YPNN),13:59:00,14:07:00
Adelaide,-34.934399,138.541505,FD538,17/7/2022,Adelaide (ADL / YPAD),Mount Gambier (MGB / YMTG),12:31:00,12:47:00
Adelaide,-34.934399,138.541505,FD580,10/7/2022,Adelaide (ADL / YPAD),Tumby Bay (YTBB),21:17:00,21:31:00
Adelaide,-34.934399,138.541505,FD596,8/7/2022,Adelaide (ADL / YPAD),Port Augusta (PUG / YPAG),13:56:00,14:07:00
Adelaide,-34.934399,138.541505,FD596,11/7/2022,Adelaide (ADL / YPAD),Port Augusta (PUG / YPAG),11:43:00,11:58:00
Adelaide,-34.934399,138.541505,FD534,10/7/2022,Adelaide (ADL / YPAD),Tumby Bay (YTBB),20:56:00,21:10:00
Adelaide,-34.934399,138.541505,FD596,5/7/2022,Adelaide (ADL / YPAD),Millicent (MLR / YMCT),17:47:00,18:03:00
Adelaide,-34.934399,138.541505,FD596,13/7/2022,Adelaide (ADL / YPAD),Renmark (RMK / YREN),05:37:00,05:45:00
Adelaide,-34.934399,138.541505,FD534,14/7/2022,Adelaide (ADL / YPAD),Port Lincoln (PLO / YPLC),20:39:00,20:53:00
Adelaide,-34.934399,138.541505,FD596,13/7/2022,Adelaide (ADL / YPAD),Port Augusta (PUG / YPAG),18:14:00,18:27:00
Adelaide,-34.934399,138.541505,FD534,13/7/2022,Adelaide (ADL / YPAD),Ceduna (CED / YCDU),22:09:00,22:27:00
Adelaide,-34.934399,138.541505,FD530,15/7/2022,Adelaide (ADL / YPAD),Port Augusta (PUG / YPAG),13:22:00,13:37:00
Adelaide,-34.934399,138.541505,FD278,15/7/2022,Adelaide (ADL / YPAD),Broken Hill (BHQ / YBHI),21:21:00,21:38:00
Adelaide,-34.934399,138.541505,FD530,3/7/2022,Adelaide (ADL / YPAD),Whyalla (WYA / YWHA),06:24:00,06:33:00
Adelaide,-34.934399,138.541505,FD580,17/7/2022,Adelaide (ADL / YPAD),Port Augusta (PUG / YPAG),20:56:00,21:11:00
Adelaide,-34.934399,138.541505,FD856,6/7/2022,Adelaide (ADL / YPAD),Alice Springs (ASP / YBAS),01:18:00,01:38:00
Adelaide,-34.934399,138.541505,FD534,15/7/2022,Adelaide (ADL / YPAD),Port Lincoln (PLO / YPLC),19:30:00,19:45:00
Adelaide,-34.934399,138.541505,FD534,11/7/2022,Adelaide (ADL / YPAD),Mount Gambier (MGB / YMTG),14:07:00,14:23:00
Adelaide,-34.934399,138.541505,FD596,12/7/2022,Adelaide (ADL / YPAD),Naracoorte (NAC / YNRC),14:57:00,15:13:00
Adelaide,-34.934399,138.541505,FD534,10/7/2022,Adelaide (ADL / YPAD),Ceduna (CED / YCDU),15:06:00,15:25:00
Adelaide,-34.934399,138.541505,FD596,14/7/2022,Adelaide (ADL / YPAD),Adelaide (ADL / YPAD),18:58:00,18:58:00
Adelaide,-34.934399,138.541505,FD534,10/7/2022,Adelaide (ADL / YPAD),Clare Valley (YCVA),02:45:00,02:49:00
Adelaide,-34.934399,138.541505,FD278,12/7/2022,Adelaide (ADL / YPAD),Broken Hill (BHQ / YBHI),00:26:00,00:43:00
Adelaide,-34.934399,138.541505,FD534,9/7/2022,Adelaide (ADL / YPAD),Coober Pedy (CPD / YCBP),14:27:00,14:46:00
Adelaide,-34.934399,138.541505,FD534,12/7/2022,Adelaide (ADL / YPAD),Port Augusta (PUG / YPAG),20:46:00,20:59:00
Adelaide,-34.934399,138.541505,FD538,18/7/2022,Adelaide (ADL / YPAD),Millicent (MLR / YMCT),12:31:00,12:47:00
Adelaide,-34.934399,138.541505,FD248,16/7/2022,Adelaide (ADL / YPAD),Broken Hill (BHQ / YBHI),18:08:00,18:25:00
Adelaide,-34.934399,138.541505,FD596,4/7/2022,Adelaide (ADL / YPAD),Port Lincoln (PLO / YPLC),17:31:00,17:43:00
Adelaide,-34.934399,138.541505,FD530,15/7/2022,Adelaide (ADL / YPAD),Wilpena Pound (YHAW),18:19:00,18:35:00
Adelaide,-34.934399,138.541505,FD534,14/7/2022,Adelaide (ADL / YPAD),Naracoorte (NAC / YNRC),11:16:00,11:32:00
Adelaide,-34.934399,138.541505,FD849,5/7/2022,Adelaide (ADL / YPAD),Alice Springs (ASP / YBAS),15:55:00,16:14:00
Adelaide,-34.934399,138.541505,FD534,9/7/2022,Adelaide (ADL / YPAD),Renmark (RMK / YREN),17:59:00,18:07:00
Adelaide,-34.934399,138.541505,FD596,10/7/2022,Adelaide (ADL / YPAD),Maitland (YMLD),20:57:00,20:58:00
Adelaide,-34.934399,138.541505,FD580,9/7/2022,Adelaide (ADL / YPAD),Coober Pedy (CPD / YCBP),12:19:00,12:38:00
Adelaide,-34.934399,138.541505,FD580,18/7/2022,Adelaide (ADL / YPAD),Mount Gambier (MGB / YMTG),08:25:00,08:38:00
Adelaide,-34.934399,138.541505,FD534,14/7/2022,Adelaide (ADL / YPAD),Port Pirie (PPI / YPIR),00:11:00,00:18:00
Adelaide,-34.934399,138.541505,FD534,13/7/2022,Adelaide (ADL / YPAD),Mount Gambier (MGB / YMTG),15:06:00,15:24:00
Adelaide,-34.934399,138.541505,FD596,7/7/2022,Adelaide (ADL / YPAD),Kingscote (KGC / YKSC),13:58:00,14:01:00
Adelaide,-34.934399,138.541505,FD538,4/7/2022,Adelaide (ADL / YPAD),Port Lincoln (PLO / YPLC),18:32:00,18:44:00
Adelaide,-34.934399,138.541505,FD596,5/7/2022,Adelaide (ADL / YPAD),Mount Gambier (MGB / YMTG),15:01:00,15:18:00
Adelaide,-34.934399,138.541505,FD534,15/7/2022,Adelaide (ADL / YPAD),Wudinna (YWUD),17:33:00,17:50:00
Adelaide,-34.934399,138.541505,FD534,15/7/2022,Adelaide (ADL / YPAD),Kingscote (KGC / YKSC),18:50:00,18:51:00
Adelaide,-34.934399,138.541505,FD278,11/7/2022,Adelaide (ADL / YPAD),Broken Hill (BHQ / YBHI),23:21:00,23:39:00
Adelaide,-34.934399,138.541505,FD580,8/7/2022,Adelaide (ADL / YPAD),Ceduna (CED / YCDU),13:02:00,13:20:00
Adelaide,-34.934399,138.541505,FD596,7/7/2022,Adelaide (ADL / YPAD),Naracoorte (NAC / YNRC),07:46:00,08:01:00
Adelaide,-34.934399,138.541505,FD543,18/7/2022,Adelaide (ADL / YPAD),Prominent Hill Mine (YPMH),21:21:00,21:40:00
Bankstown,-33.9164078,150.9916975,FD213,14/7/2022,Bankstown (BWU / YSBK),Dubbo (DBO / YSDU),11:39:00,12:02:00
Bankstown,-33.9164078,150.9916975,FD213,17/7/2022,Bankstown (BWU / YSBK),Dubbo (DBO / YSDU),12:14:00,12:37:00
Bankstown,-33.9164078,150.9916975,FD213,16/7/2022,Bankstown (BWU / YSBK),Dubbo (DBO / YSDU),21:07:00,21:30:00
Brisbane,-27.3739966,153.1226313,FD425,5/7/2022,Brisbane (BNE / YBBN),Emerald (EMD / YEML),19:29:00,19:59:00
Brisbane,-27.3739966,153.1226313,FD427,10/7/2022,Brisbane (BNE / YBBN),Kingaroy (KGY / YKRY),20:27:00,20:52:00
Brisbane,-27.3739966,153.1226313,FD478,5/7/2022,Brisbane (BNE / YBBN),Bundaberg (BDB / YBUD),19:32:00,20:00:00
Brisbane,-27.3739966,153.1226313,FD425,8/7/2022,Brisbane (BNE / YBBN),Bundaberg (BDB / YBUD),15:52:00,16:19:00
Brisbane,-27.3739966,153.1226313,FD456,4/7/2022,Brisbane (BNE / YBBN),Chinchilla (CCL / YCCA),13:48:00,14:15:00
Brisbane,-27.3739966,153.1226313,FD467,17/7/2022,Brisbane (BNE / YBBN),Hervey Bay (HVB / YHBA),15:37:00,16:03:00
Brisbane,-27.3739966,153.1226313,FD427,10/7/2022,Brisbane (BNE / YBBN),Rockhampton (ROK / YBRK),13:38:00,14:07:00
Brisbane,-27.3739966,153.1226313,FD456,10/7/2022,Brisbane (BNE / YBBN),Rockhampton (ROK / YBRK),04:42:00,05:10:00
Brisbane,-27.3739966,153.1226313,FD456,12/7/2022,Brisbane (BNE / YBBN),Rockhampton (ROK / YBRK),08:52:00,09:22:00
Brisbane,-27.3739966,153.1226313,FD427,10/7/2022,Brisbane (BNE / YBBN),Gladstone (GLT / YGLA),02:00:00,02:28:00
Brisbane,-27.3739966,153.1226313,FD456,15/7/2022,Brisbane (BNE / YBBN),Brisbane (BNE / YBBN),15:50:00,16:15:00
Brisbane,-27.3739966,153.1226313,FD449,11/7/2022,Brisbane (BNE / YBBN),Rockhampton (ROK / YBRK),19:51:00,20:19:00
Brisbane,-27.3739966,153.1226313,FD456,16/7/2022,Brisbane (BNE / YBBN),Emerald (EMD / YEML),13:35:00,14:05:00
Brisbane,-27.3739966,153.1226313,FD427,8/7/2022,Brisbane (BNE / YBBN),Hervey Bay (HVB / YHBA),15:24:00,15:50:00
Brisbane,-27.3739966,153.1226313,FD427,9/7/2022,Brisbane (BNE / YBBN),Hervey Bay (HVB / YHBA),15:29:00,15:55:00
Brisbane,-27.3739966,153.1226313,FD449,10/7/2022,Brisbane (BNE / YBBN),Emerald (EMD / YEML),17:39:00,18:09:00
Brisbane,-27.3739966,153.1226313,FD425,9/7/2022,Brisbane (BNE / YBBN),Hervey Bay (HVB / YHBA),11:03:00,11:30:00
Brisbane,-27.3739966,153.1226313,FD478,16/7/2022,Brisbane (BNE / YBBN),Rockhampton (ROK / YBRK),16:14:00,16:43:00
Brisbane,-27.3739966,153.1226313,FD456,15/7/2022,Brisbane (BNE / YBBN),Rockhampton (ROK / YBRK),10:13:00,10:41:00
Brisbane,-27.3739966,153.1226313,FD478,6/7/2022,Brisbane (BNE / YBBN),Hervey Bay (HVB / YHBA),01:56:00,02:22:00
Brisbane,-27.3739966,153.1226313,FD478,17/7/2022,Brisbane (BNE / YBBN),Moura (YMOU),08:08:00,08:36:00
Brisbane,-27.3739966,153.1226313,FD493,17/7/2022,Brisbane (BNE / YBBN),Charleville (CTL / YBCV),14:41:00,15:12:00
Brisbane,-27.3739966,153.1226313,FD449,6/7/2022,Brisbane (BNE / YBBN),Rockhampton (ROK / YBRK),15:27:00,15:56:00
Brisbane,-27.3739966,153.1226313,FD425,16/7/2022,Brisbane (BNE / YBBN),Bundaberg (BDB / YBUD),10:22:00,10:49:00
Brisbane,-27.3739966,153.1226313,FD456,6/7/2022,Brisbane (BNE / YBBN),Hervey Bay (HVB / YHBA),16:12:00,16:38:00
Brisbane,-27.3739966,153.1226313,FD425,8/7/2022,Brisbane (BNE / YBBN),Bundaberg (BDB / YBUD),14:46:00,15:13:00
Brisbane,-27.3739966,153.1226313,FD425,16/7/2022,Brisbane (BNE / YBBN),Gladstone (GLT / YGLA),21:15:00,21:43:00
Brisbane,-27.3739966,153.1226313,FD456,11/7/2022,Brisbane (BNE / YBBN),Rockhampton (ROK / YBRK),02:13:00,02:41:00
Brisbane,-27.3739966,153.1226313,FD493,9/7/2022,Brisbane (BNE / YBBN),Toowoomba (YTWB),15:55:00,16:20:00
Brisbane,-27.3739966,153.1226313,FD493,14/7/2022,Brisbane (BNE / YBBN),Charleville (CTL / YBCV),02:44:00,03:14:00
Brisbane,-27.3739966,153.1226313,FD456,9/7/2022,Brisbane (BNE / YBBN),Rockhampton (ROK / YBRK),01:21:00,01:50:00
Brisbane,-27.3739966,153.1226313,FD467,16/7/2022,Brisbane (BNE / YBBN),Toowoomba (YTWB),11:55:00,12:20:00
Brisbane,-27.3739966,153.1226313,FD456,11/7/2022,Brisbane (BNE / YBBN),Rockhampton (ROK / YBRK),17:30:00,17:58:00
Brisbane,-27.3739966,153.1226313,FD449,14/7/2022,Brisbane (BNE / YBBN),Emerald (EMD / YEML),14:48:00,15:18:00
Brisbane,-27.3739966,153.1226313,FD449,5/7/2022,Brisbane (BNE / YBBN),Rockhampton (ROK / YBRK),13:04:00,13:35:00
Brisbane,-27.3739966,153.1226313,FD427,16/7/2022,Brisbane (BNE / YBBN),Kingaroy (KGY / YKRY),14:11:00,14:37:00
Brisbane,-27.3739966,153.1226313,FD425,12/7/2022,Brisbane (BNE / YBBN),Bundaberg (BDB / YBUD),09:22:00,09:48:00
Brisbane,-27.3739966,153.1226313,FD456,7/7/2022,Brisbane (BNE / YBBN),Roma (RMA / YROM),12:54:00,13:22:00
Brisbane,-27.3739966,153.1226313,FD425,17/7/2022,Brisbane (BNE / YBBN),Bundaberg (BDB / YBUD),11:11:00,11:38:00
Brisbane,-27.3739966,153.1226313,FD425,16/7/2022,Brisbane (BNE / YBBN),Bundaberg (BDB / YBUD),23:38:00,00:05:00
Brisbane,-27.3739966,153.1226313,FD456,10/7/2022,Brisbane (BNE / YBBN),Brisbane (BNE / YBBN),04:39:00,05:09:00
Brisbane,-27.3739966,153.1226313,FD489,7/7/2022,Brisbane (BNE / YBBN),Bundaberg (BDB / YBUD),09:34:00,10:01:00
Brisbane,-27.3739966,153.1226313,FD449,8/7/2022,Brisbane (BNE / YBBN),Bundaberg (BDB / YBUD),11:19:00,11:46:00
Brisbane,-27.3739966,153.1226313,FD467,12/7/2022,Brisbane (BNE / YBBN),Hervey Bay (HVB / YHBA),18:42:00,19:09:00
Brisbane,-27.3739966,153.1226313,FD425,11/7/2022,Brisbane (BNE / YBBN),Bundaberg (BDB / YBUD),11:19:00,11:46:00
Brisbane,-27.3739966,153.1226313,FD489,7/7/2022,Brisbane (BNE / YBBN),Rockhampton (ROK / YBRK),21:11:00,21:40:00
Brisbane,-27.3739966,153.1226313,FD425,12/7/2022,Brisbane (BNE / YBBN),Bundaberg (BDB / YBUD),17:32:00,17:59:00
Brisbane,-27.3739966,153.1226313,FD427,14/7/2022,Brisbane (BNE / YBBN),Wellcamp Airport (WTB / YBWW),00:02:00,00:28:00
Brisbane,-27.3739966,153.1226313,FD467,6/7/2022,Brisbane (BNE / YBBN),Emerald (EMD / YEML),12:56:00,13:26:00
Brisbane,-27.3739966,153.1226313,FD478,4/7/2022,Brisbane (BNE / YBBN),Bundaberg (BDB / YBUD),21:14:00,21:42:00
Brisbane,-27.3739966,153.1226313,FD425,7/7/2022,Brisbane (BNE / YBBN),Bundaberg (BDB / YBUD),17:51:00,18:18:00
Brisbane,-27.3739966,153.1226313,FD427,17/7/2022,Brisbane (BNE / YBBN),Thangool (THG / YTNG),22:40:00,23:08:00
Brisbane,-27.3739966,153.1226313,FD456,5/7/2022,Brisbane (BNE / YBBN),Rockhampton (ROK / YBRK),17:46:00,18:16:00
Brisbane,-27.3739966,153.1226313,FD427,17/7/2022,Brisbane (BNE / YBBN),Rockhampton (ROK / YBRK),14:32:00,15:00:00
Brisbane,-27.3739966,153.1226313,FD425,14/7/2022,Brisbane (BNE / YBBN),Bundaberg (BDB / YBUD),20:56:00,21:22:00
Brisbane,-27.3739966,153.1226313,FD480,11/7/2022,Brisbane (BNE / YBBN),Longreach (YLRE),16:56:00,17:27:00
Brisbane,-27.3739966,153.1226313,FD449,14/7/2022,Brisbane (BNE / YBBN),Emerald (EMD / YEML),14:32:00,15:02:00
Brisbane,-27.3739966,153.1226313,FD467,15/7/2022,Brisbane (BNE / YBBN),Toowoomba (YTWB),09:23:00,09:48:00
Brisbane,-27.3739966,153.1226313,FD467,9/7/2022,Brisbane (BNE / YBBN),Kingaroy (KGY / YKRY),20:04:00,20:30:00
Brisbane,-27.3739966,153.1226313,FD427,13/7/2022,Brisbane (BNE / YBBN),Hervey Bay (HVB / YHBA),14:35:00,15:01:00
Brisbane,-27.3739966,153.1226313,FD425,13/7/2022,Brisbane (BNE / YBBN),Bundaberg (BDB / YBUD),07:58:00,08:25:00
Brisbane,-27.3739966,153.1226313,FD425,11/7/2022,Brisbane (BNE / YBBN),Bundaberg (BDB / YBUD),17:54:00,18:21:00
Brisbane,-27.3739966,153.1226313,FD467,9/7/2022,Brisbane (BNE / YBBN),Kingaroy (KGY / YKRY),03:01:00,03:27:00
Brisbane,-27.3739966,153.1226313,FD425,10/7/2022,Brisbane (BNE / YBBN),Bundaberg (BDB / YBUD),07:53:00,08:20:00
Brisbane,-27.3739966,153.1226313,FD425,15/7/2022,Brisbane (BNE / YBBN),Gladstone (GLT / YGLA),22:31:00,22:59:00
Brisbane,-27.3739966,153.1226313,FD478,5/7/2022,Brisbane (BNE / YBBN),Bundaberg (BDB / YBUD),23:28:00,23:56:00
Brisbane,-27.3739966,153.1226313,FD456,7/7/2022,Brisbane (BNE / YBBN),Blackall (BKQ / YBCK),18:10:00,18:41:00
Brisbane,-27.3739966,153.1226313,FD456,4/7/2022,Brisbane (BNE / YBBN),Roma (RMA / YROM),02:19:00,02:48:00
Brisbane,-27.3739966,153.1226313,FD449,4/7/2022,Brisbane (BNE / YBBN),Rockhampton (ROK / YBRK),22:57:00,23:27:00
Brisbane,-27.3739966,153.1226313,FD427,15/7/2022,Brisbane (BNE / YBBN),Hervey Bay (HVB / YHBA),23:21:00,23:47:00
Brisbane,-27.3739966,153.1226313,FD456,8/7/2022,Brisbane (BNE / YBBN),Longreach (YLRE),11:52:00,12:23:00
Brisbane,-27.3739966,153.1226313,FD489,5/7/2022,Brisbane (BNE / YBBN),Rockhampton (ROK / YBRK),18:18:00,18:48:00
Brisbane,-27.3739966,153.1226313,AM273,18/7/2022,Brisbane (BNE / YBBN),Sydney (SYD / YSSY),21:09:00,21:38:00
Brisbane,-27.3739966,153.1226313,FD478,12/7/2022,Brisbane (BNE / YBBN),Rockhampton (ROK / YBRK),16:59:00,17:28:00
Brisbane,-27.3739966,153.1226313,FD449,7/7/2022,Brisbane (BNE / YBBN),Emerald (EMD / YEML),03:02:00,03:32:00
Brisbane,-27.3739966,153.1226313,FD456,15/7/2022,Brisbane (BNE / YBBN),Bundaberg (BDB / YBUD),07:45:00,08:12:00
Brisbane,-27.3739966,153.1226313,FD489,8/7/2022,Brisbane (BNE / YBBN),Roma (RMA / YROM),17:11:00,17:39:00
Brisbane,-27.3739966,153.1226313,FD467,12/7/2022,Brisbane (BNE / YBBN),Hervey Bay (HVB / YHBA),16:18:00,16:45:00
Brisbane,-27.3739966,153.1226313,FD467,13/7/2022,Brisbane (BNE / YBBN),Monto (YMTO),08:32:00,09:00:00
Brisbane,-27.3739966,153.1226313,FD467,11/7/2022,Brisbane (BNE / YBBN),Goondiwindi (GOO / YGDI),13:52:00,14:19:00
Brisbane,-27.3739966,153.1226313,FD427,12/7/2022,Brisbane (BNE / YBBN),Hervey Bay (HVB / YHBA),15:07:00,15:34:00
Brisbane,-27.3739966,153.1226313,FD427,14/7/2022,Brisbane (BNE / YBBN),Gladstone (GLT / YGLA),11:01:00,11:29:00
Brisbane,-27.3739966,153.1226313,FD449,17/7/2022,Brisbane (BNE / YBBN),Rockhampton (ROK / YBRK),04:14:00,04:42:00
Brisbane,-27.3739966,153.1226313,FD427,16/7/2022,Brisbane (BNE / YBBN),Kingaroy (KGY / YKRY),13:30:00,13:56:00
Brisbane,-27.3739966,153.1226313,FD425,6/7/2022,Brisbane (BNE / YBBN),Monto (YMTO),15:49:00,16:17:00
Brisbane,-27.3739966,153.1226313,FD449,17/7/2022,Brisbane (BNE / YBBN),Rockhampton (ROK / YBRK),00:41:00,01:09:00
Brisbane,-27.3739966,153.1226313,FD425,17/7/2022,Brisbane (BNE / YBBN),Kingaroy (KGY / YKRY),00:33:00,00:58:00
Brisbane,-27.3739966,153.1226313,FD456,3/7/2022,Brisbane (BNE / YBBN),Goondiwindi (GOO / YGDI),09:14:00,09:42:00
Brisbane,-27.3739966,153.1226313,FD425,10/7/2022,Brisbane (BNE / YBBN),Hervey Bay (HVB / YHBA),21:17:00,21:43:00
Brisbane,-27.3739966,153.1226313,FD467,15/7/2022,Brisbane (BNE / YBBN),Rockhampton (ROK / YBRK),08:54:00,09:23:00
Brisbane,-27.3739966,153.1226313,FD467,14/7/2022,Brisbane (BNE / YBBN),Rockhampton (ROK / YBRK),18:53:00,19:22:00
Brisbane,-27.3739966,153.1226313,FD425,8/7/2022,Brisbane (BNE / YBBN),Bundaberg (BDB / YBUD),20:45:00,21:12:00
Brisbane,-27.3739966,153.1226313,FD425,15/7/2022,Brisbane (BNE / YBBN),Bundaberg (BDB / YBUD),14:44:00,15:11:00
Brisbane,-27.3739966,153.1226313,FD467,7/7/2022,Brisbane (BNE / YBBN),Rockhampton (ROK / YBRK),20:54:00,21:23:00
Brisbane,-27.3739966,153.1226313,FD467,10/7/2022,Brisbane (BNE / YBBN),Maungindi (YMGI),17:09:00,17:37:00
Brisbane,-27.3739966,153.1226313,FD489,6/7/2022,Brisbane (BNE / YBBN),Blackwater (BLT / YBTR),19:23:00,19:53:00
Brisbane,-27.3739966,153.1226313,FD425,10/7/2022,Brisbane (BNE / YBBN),Gayndah (GAH / YGAY),19:12:00,19:38:00
Brisbane,-27.3739966,153.1226313,FD425,7/7/2022,Brisbane (BNE / YBBN),Bundaberg (BDB / YBUD),16:24:00,16:51:00
Brisbane,-27.3739966,153.1226313,FD425,6/7/2022,Brisbane (BNE / YBBN),Bundaberg (BDB / YBUD),20:07:00,20:34:00
Brisbane,-27.3739966,153.1226313,FD427,9/7/2022,Brisbane (BNE / YBBN),Goondiwindi (GOO / YGDI),12:36:00,13:03:00
Brisbane,-27.3739966,153.1226313,FD467,14/7/2022,Brisbane (BNE / YBBN),Hervey Bay (HVB / YHBA),11:50:00,12:16:00
Brisbane,-27.3739966,153.1226313,FD449,8/7/2022,Brisbane (BNE / YBBN),Rockhampton (ROK / YBRK),17:25:00,17:54:00
Brisbane,-27.3739966,153.1226313,FD456,11/7/2022,Brisbane (BNE / YBBN),Rockhampton (ROK / YBRK),16:10:00,16:39:00
Brisbane,-27.3739966,153.1226313,FD480,15/7/2022,Brisbane (BNE / YBBN),Townsville (TSV / YBTL),12:50:00,13:21:00
Brisbane,-27.3739966,153.1226313,FD425,17/7/2022,Brisbane (BNE / YBBN),Kingaroy (KGY / YKRY),00:11:00,00:37:00
Brisbane,-27.3739966,153.1226313,FD449,5/7/2022,Brisbane (BNE / YBBN),Rockhampton (ROK / YBRK),06:41:00,07:11:00
Brisbane,-27.3739966,153.1226313,FD456,6/7/2022,Brisbane (BNE / YBBN),Rockhampton (ROK / YBRK),19:04:00,19:33:00
Brisbane,-27.3739966,153.1226313,FD427,11/7/2022,Brisbane (BNE / YBBN),Goondiwindi (GOO / YGDI),23:14:00,23:41:00
Brisbane,-27.3739966,153.1226313,FD456,5/7/2022,Brisbane (BNE / YBBN),Rockhampton (ROK / YBRK),15:50:00,16:20:00
Brisbane,-27.3739966,153.1226313,FD480,5/7/2022,Brisbane (BNE / YBBN),Townsville (TSV / YBTL),08:44:00,09:15:00
Brisbane,-27.3739966,153.1226313,FD478,12/7/2022,Brisbane (BNE / YBBN),Brisbane (BNE / YBBN),20:16:00,20:42:00
Brisbane,-27.3739966,153.1226313,FD427,13/7/2022,Brisbane (BNE / YBBN),Hervey Bay (HVB / YHBA),17:18:00,17:44:00
Brisbane,-27.3739966,153.1226313,FD425,12/7/2022,Brisbane (BNE / YBBN),Hervey Bay (HVB / YHBA),23:11:00,23:38:00
Brisbane,-27.3739966,153.1226313,FD478,16/7/2022,Brisbane (BNE / YBBN),Rockhampton (ROK / YBRK),13:08:00,13:37:00
Brisbane,-27.3739966,153.1226313,FD478,4/7/2022,Brisbane (BNE / YBBN),Bundaberg (BDB / YBUD),18:59:00,19:27:00
Brisbane,-27.3739966,153.1226313,FD423,10/7/2022,Brisbane (BNE / YBBN),Townsville (TSV / YBTL),08:05:00,08:36:00
Brisbane,-27.3739966,153.1226313,FD467,16/7/2022,Brisbane (BNE / YBBN),Hervey Bay (HVB / YHBA),00:44:00,01:10:00
Brisbane,-27.3739966,153.1226313,FD427,13/7/2022,Brisbane (BNE / YBBN),Bundaberg (BDB / YBUD),08:14:00,08:41:00
Brisbane,-27.3739966,153.1226313,FD427,12/7/2022,Brisbane (BNE / YBBN),Kingaroy (KGY / YKRY),18:28:00,18:54:00
Brisbane,-27.3739966,153.1226313,FD456,6/7/2022,Brisbane (BNE / YBBN),Goondiwindi (GOO / YGDI),19:18:00,19:47:00
Brisbane,-27.3739966,153.1226313,FD427,17/7/2022,Brisbane (BNE / YBBN),Rockhampton (ROK / YBRK),12:03:00,12:32:00
Brisbane,-27.3739966,153.1226313,FD478,13/7/2022,Brisbane (BNE / YBBN),Rockhampton (ROK / YBRK),05:07:00,05:36:00
Brisbane,-27.3739966,153.1226313,FD478,3/7/2022,Brisbane (BNE / YBBN),Bundaberg (BDB / YBUD),12:12:00,12:40:00
Brisbane,-27.3739966,153.1226313,FD425,17/7/2022,Brisbane (BNE / YBBN),Maryborough (MBH / YMYB),03:29:00,03:55:00
Brisbane,-27.3739966,153.1226313,FD467,18/7/2022,Brisbane (BNE / YBBN),Emerald (EMD / YEML),11:27:00,11:58:00
Broome,-17.9472338,122.2323986,FD623,15/7/2022,Broome (BME / YBRM),Derby (DRB / YDBY),15:58:00,16:30:00
Broome,-17.9472338,122.2323986,FD630J,15/7/2022,Broome (BME / YBRM),Jandakot (JAD / YPJT),11:07:00,11:41:00
Broome,-17.9472338,122.2323986,FD607,8/7/2022,Broome (BME / YBRM),Derby (DRB / YDBY),15:46:00,16:18:00
Broome,-17.9472338,122.2323986,FD624J,16/7/2022,Broome (BME / YBRM),Karratha (KTA / YPKA),22:22:00,22:55:00
Broome,-17.9472338,122.2323986,FD609,12/7/2022,Broome (BME / YBRM),Beagle Bay Community (YBGB),08:19:00,08:51:00
Broome,-17.9472338,122.2323986,FD624J,17/7/2022,Broome (BME / YBRM),Port Hedland (PHE / YPPD),14:43:00,15:15:00
Broome,-17.9472338,122.2323986,FD607,12/7/2022,Broome (BME / YBRM),Fitzroy Crossing (FIZ / YFTZ),21:28:00,22:01:00
Broome,-17.9472338,122.2323986,FD624J,4/7/2022,Broome (BME / YBRM),Karratha (KTA / YPKA),11:39:00,12:12:00
Broome,-17.9472338,122.2323986,FD624J,10/7/2022,Broome (BME / YBRM),Karratha (KTA / YPKA),20:12:00,20:45:00
Broome,-17.9472338,122.2323986,FD629,14/7/2022,Broome (BME / YBRM),Meekatharra (MKR / YMEK),13:28:00,14:02:00
Broome,-17.9472338,122.2323986,FD624J,8/7/2022,Broome (BME / YBRM),Jandakot (JAD / YPJT),03:27:00,04:01:00
Broome,-17.9472338,122.2323986,FD624J,5/7/2022,Broome (BME / YBRM),Port Hedland (PHE / YPPD),12:06:00,12:38:00
Broome,-17.9472338,122.2323986,FD607,9/7/2022,Broome (BME / YBRM),Derby (DRB / YDBY),02:22:00,02:54:00
Broome,-17.9472338,122.2323986,FD629,17/7/2022,Broome (BME / YBRM),Mornington Stn (YMNT),11:40:00,12:13:00
Broome,-17.9472338,122.2323986,FD609,5/7/2022,Broome (BME / YBRM),Derby (DRB / YDBY),12:54:00,13:26:00
Broome,-17.9472338,122.2323986,FD629,14/7/2022,Broome (BME / YBRM),Fitzroy Crossing (FIZ / YFTZ),21:51:00,22:24:00
Broome,-17.9472338,122.2323986,FD607,6/7/2022,Broome (BME / YBRM),Broome (BME / YBRM),17:54:00,18:26:00
Broome,-17.9472338,122.2323986,FD629,16/7/2022,Broome (BME / YBRM),Ginbata (GBW / YGIA),18:14:00,18:48:00
Broome,-17.9472338,122.2323986,FD609,10/7/2022,Broome (BME / YBRM),Karratha (KTA / YPKA),03:51:00,04:25:00
Broome,-17.9472338,122.2323986,FD609,17/7/2022,Broome (BME / YBRM),Broome (BME / YBRM),08:56:00,09:30:00
Broome,-17.9472338,122.2323986,FD607,4/7/2022,Broome (BME / YBRM),Derby (DRB / YDBY),14:05:00,14:37:00
Broome,-17.9472338,122.2323986,FD607,11/7/2022,Broome (BME / YBRM),Nullagine (YNUL),11:32:00,12:05:00
Broome,-17.9472338,122.2323986,FD630J,5/7/2022,Broome (BME / YBRM),Jandakot (JAD / YPJT),08:11:00,08:45:00
Broome,-17.9472338,122.2323986,FD629,16/7/2022,Broome (BME / YBRM),Fitzroy Crossing (FIZ / YFTZ),17:05:00,17:38:00
Broome,-17.9472338,122.2323986,FD629,17/7/2022,Broome (BME / YBRM),Fitzroy Crossing (FIZ / YFTZ),17:14:00,17:47:00
Broome,-17.9472338,122.2323986,FD623,15/7/2022,Broome (BME / YBRM),Mitchell Plateau (YMIP),21:08:00,21:41:00
Broome,-17.9472338,122.2323986,FD624J,16/7/2022,Broome (BME / YBRM),Port Hedland (PHE / YPPD),15:27:00,15:59:00
Broome,-17.9472338,122.2323986,FD630J,14/7/2022,Broome (BME / YBRM),Jandakot (JAD / YPJT),16:46:00,17:20:00
Broome,-17.9472338,122.2323986,FD609,5/7/2022,Broome (BME / YBRM),Halls Creek (HCQ / YHLC),15:16:00,15:49:00
Broome,-17.9472338,122.2323986,FD607,8/7/2022,Broome (BME / YBRM),One Arm Point (YOAP),14:01:00,14:34:00
Broome,-17.9472338,122.2323986,FD629,18/7/2022,Broome (BME / YBRM),Derby (DRB / YDBY),12:14:00,12:46:00
Broome,-17.9472338,122.2323986,FD607,10/7/2022,Broome (BME / YBRM),Kununurra (KNX / YPKU),18:39:00,19:13:00
Broome,-17.9472338,122.2323986,FD624J,6/7/2022,Broome (BME / YBRM),Fitzroy Crossing (FIZ / YFTZ),17:22:00,17:54:00
Broome,-17.9472338,122.2323986,FD609,11/7/2022,Broome (BME / YBRM),Karratha (KTA / YPKA),16:55:00,17:29:00
Broome,-17.9472338,122.2323986,FD609,15/7/2022,Broome (BME / YBRM),Derby (DRB / YDBY),19:51:00,20:23:00
Broome,-17.9472338,122.2323986,FD607,13/7/2022,Broome (BME / YBRM),Jandakot (JAD / YPJT),00:24:00,00:59:00
Broome,-17.9472338,122.2323986,FD630J,12/7/2022,Broome (BME / YBRM),Karratha (KTA / YPKA),11:37:00,12:10:00
Broome,-17.9472338,122.2323986,FD629,16/7/2022,Broome (BME / YBRM),Fitzroy Crossing (FIZ / YFTZ),11:55:00,12:28:00
Broome,-17.9472338,122.2323986,FD607,7/7/2022,Broome (BME / YBRM),Billiluna (YBIL),23:00:00,23:34:00
Broome,-17.9472338,122.2323986,FD607,6/7/2022,Broome (BME / YBRM),Halls Creek (HCQ / YHLC),09:11:00,09:44:00
Broome,-17.9472338,122.2323986,FD629,16/7/2022,Broome (BME / YBRM),Derby (DRB / YDBY),18:15:00,18:47:00
Broome,-17.9472338,122.2323986,FD624J,8/7/2022,Broome (BME / YBRM),Jandakot (JAD / YPJT),08:18:00,08:52:00
Broome,-17.9472338,122.2323986,FD607,7/7/2022,Broome (BME / YBRM),Broome (BME / YBRM),18:04:00,18:36:00
Broome,-17.9472338,122.2323986,FD607,5/7/2022,Broome (BME / YBRM),Kununurra (KNX / YPKU),09:16:00,09:50:00
Broome,-17.9472338,122.2323986,FD607,5/7/2022,Broome (BME / YBRM),Mount Barnet (YBAN),21:14:00,21:47:00
Broome,-17.9472338,122.2323986,FD624J,7/7/2022,Broome (BME / YBRM),Broome (BME / YBRM),05:12:00,05:44:00
Broome,-17.9472338,122.2323986,FD624J,17/7/2022,Broome (BME / YBRM),Jandakot (JAD / YPJT),18:13:00,18:47:00
Broome,-17.9472338,122.2323986,FD607,11/7/2022,Broome (BME / YBRM),Kununurra (KNX / YPKU),17:24:00,17:58:00
Broome,-17.9472338,122.2323986,FD607,12/7/2022,Broome (BME / YBRM),Kalumburu (UBU / YKAL),11:29:00,12:02:00
Bundaberg,-24.8955752,152.3197715,FD478,4/7/2022,Bundaberg (BDB / YBUD),Rockhampton (ROK / YBRK),13:25:00,14:01:00
Bundaberg,-24.8955752,152.3197715,FD425,10/7/2022,Bundaberg (BDB / YBUD),Brisbane (BNE / YBBN),14:15:00,14:51:00
Bundaberg,-24.8955752,152.3197715,FD425,14/7/2022,Bundaberg (BDB / YBUD),Moura (YMOU),08:05:00,08:40:00
Bundaberg,-24.8955752,152.3197715,FD478,5/7/2022,Bundaberg (BDB / YBUD),Longreach (YLRE),00:28:00,01:04:00
Bundaberg,-24.8955752,152.3197715,FD425,15/7/2022,Bundaberg (BDB / YBUD),Hervey Bay (HVB / YHBA),08:39:00,09:14:00
Bundaberg,-24.8955752,152.3197715,FD467,13/7/2022,Bundaberg (BDB / YBUD),Hervey Bay (HVB / YHBA),12:17:00,12:52:00
Bundaberg,-24.8955752,152.3197715,FD425,15/7/2022,Bundaberg (BDB / YBUD),Brisbane (BNE / YBBN),10:33:00,11:09:00
Bundaberg,-24.8955752,152.3197715,FD425,17/7/2022,Bundaberg (BDB / YBUD),Hervey Bay (HVB / YHBA),13:47:00,14:22:00
Bundaberg,-24.8955752,152.3197715,FD425,7/7/2022,Bundaberg (BDB / YBUD),Maryborough (MBH / YMYB),10:50:00,11:25:00
Bundaberg,-24.8955752,152.3197715,FD425,9/7/2022,Bundaberg (BDB / YBUD),Gladstone (GLT / YGLA),20:39:00,21:14:00
Bundaberg,-24.8955752,152.3197715,FD449,14/7/2022,Bundaberg (BDB / YBUD),Brisbane (BNE / YBBN),15:51:00,16:27:00
Bundaberg,-24.8955752,152.3197715,FD449,11/7/2022,Bundaberg (BDB / YBUD),Brisbane (BNE / YBBN),01:18:00,01:54:00
Bundaberg,-24.8955752,152.3197715,FD449,13/7/2022,Bundaberg (BDB / YBUD),Hervey Bay (HVB / YHBA),09:57:00,10:32:00
Bundaberg,-24.8955752,152.3197715,FD425,10/7/2022,Bundaberg (BDB / YBUD),Hervey Bay (HVB / YHBA),21:04:00,21:39:00
Bundaberg,-24.8955752,152.3197715,FD489,7/7/2022,Bundaberg (BDB / YBUD),Brisbane (BNE / YBBN),00:09:00,00:44:00
Bundaberg,-24.8955752,152.3197715,FD456,15/7/2022,Bundaberg (BDB / YBUD),Brisbane (BNE / YBBN),16:08:00,16:44:00
Bundaberg,-24.8955752,152.3197715,FD478,3/7/2022,Bundaberg (BDB / YBUD),Hervey Bay (HVB / YHBA),16:54:00,17:29:00
Bundaberg,-24.8955752,152.3197715,FD425,8/7/2022,Bundaberg (BDB / YBUD),Brisbane (BNE / YBBN),12:00:00,12:36:00
Bundaberg,-24.8955752,152.3197715,FD449,8/7/2022,Bundaberg (BDB / YBUD),Brisbane (BNE / YBBN),14:45:00,15:20:00
Bundaberg,-24.8955752,152.3197715,FD478,6/7/2022,Bundaberg (BDB / YBUD),Emerald (EMD / YEML),10:42:00,11:18:00
Bundaberg,-24.8955752,152.3197715,FD425,16/7/2022,Bundaberg (BDB / YBUD),Brisbane (BNE / YBBN),19:19:00,19:54:00
Bundaberg,-24.8955752,152.3197715,FD425,7/7/2022,Bundaberg (BDB / YBUD),Brisbane (BNE / YBBN),01:22:00,01:58:00
Bundaberg,-24.8955752,152.3197715,FD425,8/7/2022,Bundaberg (BDB / YBUD),Brisbane (BNE / YBBN),23:35:00,00:11:00
Bundaberg,-24.8955752,152.3197715,FD425,17/7/2022,Bundaberg (BDB / YBUD),Brisbane (BNE / YBBN),13:50:00,14:26:00
Bundaberg,-24.8955752,152.3197715,FD478,4/7/2022,Bundaberg (BDB / YBUD),Brisbane (BNE / YBBN),22:24:00,22:59:00
Bundaberg,-24.8955752,152.3197715,FD425,6/7/2022,Bundaberg (BDB / YBUD),Brisbane (BNE / YBBN),15:55:00,16:31:00
Bundaberg,-24.8955752,152.3197715,FD425,11/7/2022,Bundaberg (BDB / YBUD),Kingaroy (KGY / YKRY),12:51:00,13:26:00
Bundaberg,-24.8955752,152.3197715,FD467,10/7/2022,Bundaberg (BDB / YBUD),Brisbane (BNE / YBBN),19:02:00,19:38:00
Bundaberg,-24.8955752,152.3197715,FD425,11/7/2022,Bundaberg (BDB / YBUD),Hervey Bay (HVB / YHBA),22:50:00,23:25:00
Bundaberg,-24.8955752,152.3197715,FD425,12/7/2022,Bundaberg (BDB / YBUD),Gladstone (GLT / YGLA),08:06:00,08:41:00
Bundaberg,-24.8955752,152.3197715,FD425,9/7/2022,Bundaberg (BDB / YBUD),Dalby (DBY / YDAY),21:17:00,21:53:00
Bundaberg,-24.8955752,152.3197715,FD425,15/7/2022,Bundaberg (BDB / YBUD),Gayndah (GAH / YGAY),19:00:00,19:35:00
Bundaberg,-24.8955752,152.3197715,FD425,12/7/2022,Bundaberg (BDB / YBUD),Hervey Bay (HVB / YHBA),22:57:00,23:32:00
Bundaberg,-24.8955752,152.3197715,FD425,14/7/2022,Bundaberg (BDB / YBUD),Brisbane (BNE / YBBN),15:44:00,16:20:00
Bundaberg,-24.8955752,152.3197715,FD425,14/7/2022,Bundaberg (BDB / YBUD),Maroochydore/Sunshine Coast (MCY / YBSU),16:06:00,16:41:00
Bundaberg,-24.8955752,152.3197715,FD425,16/7/2022,Bundaberg (BDB / YBUD),Rockhampton (ROK / YBRK),14:45:00,15:20:00
Bundaberg,-24.8955752,152.3197715,FD478,4/7/2022,Bundaberg (BDB / YBUD),Hervey Bay (HVB / YHBA),18:54:00,19:29:00
Bundaberg,-24.8955752,152.3197715,FD427,13/7/2022,Bundaberg (BDB / YBUD),Brisbane (BNE / YBBN),21:34:00,22:10:00
Bundaberg,-24.8955752,152.3197715,FD425,15/7/2022,Bundaberg (BDB / YBUD),Bundaberg (BDB / YBUD),23:11:00,23:46:00
Bundaberg,-24.8955752,152.3197715,FD425,7/7/2022,Bundaberg (BDB / YBUD),Brisbane (BNE / YBBN),01:35:00,02:11:00
Bundaberg,-24.8955752,152.3197715,FD425,5/7/2022,Bundaberg (BDB / YBUD),Brisbane (BNE / YBBN),22:38:00,23:14:00
Bundaberg,-24.8955752,152.3197715,FD427,13/7/2022,Bundaberg (BDB / YBUD),Brisbane (BNE / YBBN),13:51:00,14:26:00
Bundaberg,-24.8955752,152.3197715,FD425,13/7/2022,Bundaberg (BDB / YBUD),Monto (YMTO),19:27:00,20:02:00
Cairns,-16.8818417,145.7480658,FD423,18/7/2022,Cairns (CNS / YBCS),Weipa (WEI / YBWP),07:06:00,07:43:00
Cairns,-16.8818417,145.7480658,FD423,10/7/2022,Cairns (CNS / YBCS),Townsville (TSV / YBTL),01:20:00,01:57:00
Cairns,-16.8818417,145.7480658,FD423,7/7/2022,Cairns (CNS / YBCS),Townsville (TSV / YBTL),12:04:00,12:41:00
Cairns,-16.8818417,145.7480658,FD489,11/7/2022,Cairns (CNS / YBCS),Croydon (YCRY),17:55:00,18:32:00
Cairns,-16.8818417,145.7480658,FD489,16/7/2022,Cairns (CNS / YBCS),Weipa (WEI / YBWP),10:48:00,11:25:00
Cairns,-16.8818417,145.7480658,FD489,17/7/2022,Cairns (CNS / YBCS),Skardon River (YSKR),13:28:00,14:05:00
Cairns,-16.8818417,145.7480658,FD489,11/7/2022,Cairns (CNS / YBCS),Pormpuraaw (EDR / YPMP),14:28:00,15:05:00
Cairns,-16.8818417,145.7480658,FD423,15/7/2022,Cairns (CNS / YBCS),Townsville (TSV / YBTL),21:37:00,22:14:00
Cairns,-16.8818417,145.7480658,FD423,15/7/2022,Cairns (CNS / YBCS),Townsville (TSV / YBTL),19:40:00,20:17:00
Cairns,-16.8818417,145.7480658,FD423,12/7/2022,Cairns (CNS / YBCS),Townsville (TSV / YBTL),11:00:00,11:37:00
Cairns,-16.8818417,145.7480658,FD480,9/7/2022,Cairns (CNS / YBCS),Townsville (TSV / YBTL),15:28:00,16:05:00
Cairns,-16.8818417,145.7480658,FD489,15/7/2022,Cairns (CNS / YBCS),Townsville (TSV / YBTL),10:06:00,10:43:00
Cairns,-16.8818417,145.7480658,FD480,7/7/2022,Cairns (CNS / YBCS),Townsville (TSV / YBTL),13:33:00,14:10:00
Cairns,-16.8818417,145.7480658,FD423,18/7/2022,Cairns (CNS / YBCS),Townsville (TSV / YBTL),21:42:00,22:19:00
Cairns,-16.8818417,145.7480658,FD489,16/7/2022,Cairns (CNS / YBCS),Horn Island (YHID),21:16:00,21:53:00
Cairns,-16.8818417,145.7480658,FD489,18/7/2022,Cairns (CNS / YBCS),Northern Peninsula (ABM / YNPE),20:05:00,20:42:00
Cairns,-16.8818417,145.7480658,FD423,13/7/2022,Cairns (CNS / YBCS),Townsville (TSV / YBTL),21:31:00,22:08:00
Cairns,-16.8818417,145.7480658,FD423,13/7/2022,Cairns (CNS / YBCS),Townsville (TSV / YBTL),07:17:00,07:54:00
Cairns,-16.8818417,145.7480658,FD489,15/7/2022,Cairns (CNS / YBCS),Kowanyama (KWM / YKOW),11:34:00,12:11:00
Cairns,-16.8818417,145.7480658,FD423,18/7/2022,Cairns (CNS / YBCS),Townsville (TSV / YBTL),16:07:00,16:44:00
Cairns,-16.8818417,145.7480658,FD489,17/7/2022,Cairns (CNS / YBCS),Kowanyama (KWM / YKOW),17:55:00,18:32:00
Cairns,-16.8818417,145.7480658,FD480,11/7/2022,Cairns (CNS / YBCS),Brisbane (BNE / YBBN),12:28:00,13:05:00
Cairns,-16.8818417,145.7480658,FD480,6/7/2022,Cairns (CNS / YBCS),Townsville (TSV / YBTL),14:03:00,14:39:00
Cairns,-16.8818417,145.7480658,FD423,17/7/2022,Cairns (CNS / YBCS),Townsville (TSV / YBTL),16:01:00,16:38:00
Cairns,-16.8818417,145.7480658,FD489,18/7/2022,Cairns (CNS / YBCS),Aurukun (AUU / YAUR),18:59:00,19:36:00
Cairns,-16.8818417,145.7480658,FD423,12/7/2022,Cairns (CNS / YBCS),Townsville (TSV / YBTL),20:40:00,21:17:00
Cairns,-16.8818417,145.7480658,FD480,10/7/2022,Cairns (CNS / YBCS),Townsville (TSV / YBTL),20:39:00,21:16:00
Cairns,-16.8818417,145.7480658,FD423,15/7/2022,Cairns (CNS / YBCS),Townsville (TSV / YBTL),22:40:00,23:17:00
Charleville,-26.4182437,146.2572261,FD493,8/7/2022,Charleville (CTL / YBCV),Toowoomba (YTWB),14:36:00,15:15:00
Charleville,-26.4182437,146.2572261,FD493,15/7/2022,Charleville (CTL / YBCV),Yowah (YYWA),21:28:00,22:07:00
Charleville,-26.4182437,146.2572261,FD493,4/7/2022,Charleville (CTL / YBCV),Dirranbandi (DRN / YDBI),14:02:00,14:41:00
Charleville,-26.4182437,146.2572261,FD493,14/7/2022,Charleville (CTL / YBCV),Thargomindah (XTG / YTGM),13:35:00,14:14:00
Charleville,-26.4182437,146.2572261,FD493,5/7/2022,Charleville (CTL / YBCV),Jundah (JUN / YJDA),08:43:00,09:22:00
Charleville,-26.4182437,146.2572261,FD493,8/7/2022,Charleville (CTL / YBCV),Eulo (YEUO),20:50:00,21:29:00
Charleville,-26.4182437,146.2572261,FD493,12/7/2022,Charleville (CTL / YBCV),Windorah (WNR / YWDH),12:56:00,13:35:00
Charleville,-26.4182437,146.2572261,FD493,17/7/2022,Charleville (CTL / YBCV),Roma (RMA / YROM),22:24:00,23:02:00
Charleville,-26.4182437,146.2572261,FD493,13/7/2022,Charleville (CTL / YBCV),Saint George (SGO / YSGE),00:17:00,00:56:00
Charleville,-26.4182437,146.2572261,FD493,17/7/2022,Charleville (CTL / YBCV),Brisbane (BNE / YBBN),06:10:00,06:49:00
Charleville,-26.4182437,146.2572261,FD493,7/7/2022,Charleville (CTL / YBCV),Birdsville (BVI / YBDV),00:19:00,00:58:00
Charleville,-26.4182437,146.2572261,FD493,9/7/2022,Charleville (CTL / YBCV),Cunnamulla (CMA / YCMU),19:30:00,20:08:00
Charleville,-26.4182437,146.2572261,FD493,16/7/2022,Charleville (CTL / YBCV),Blackall (BKQ / YBCK),20:15:00,20:54:00
Charleville,-26.4182437,146.2572261,FD493,14/7/2022,Charleville (CTL / YBCV),Thargomindah (XTG / YTGM),15:30:00,16:09:00
Charleville,-26.4182437,146.2572261,FD493,10/7/2022,Charleville (CTL / YBCV),Toowoomba (YTWB),01:19:00,01:58:00
Charleville,-26.4182437,146.2572261,FD427,14/7/2022,Charleville (CTL / YBCV),Wellcamp Airport (WTB / YBWW),16:31:00,17:10:00
Charleville,-26.4182437,146.2572261,FD493,7/7/2022,Charleville (CTL / YBCV),Thargomindah (XTG / YTGM),14:03:00,14:42:00
Charleville,-26.4182437,146.2572261,FD493,15/7/2022,Charleville (CTL / YBCV),Birdsville (BVI / YBDV),19:40:00,20:19:00
Charleville,-26.4182437,146.2572261,FD493,10/7/2022,Charleville (CTL / YBCV),Cunnamulla (CMA / YCMU),18:35:00,19:13:00
Charleville,-26.4182437,146.2572261,FD493,11/7/2022,Charleville (CTL / YBCV),Toowoomba (YTWB),10:55:00,11:34:00
Charleville,-26.4182437,146.2572261,FD493,14/7/2022,Charleville (CTL / YBCV),Miles Airport (WLE / YMLS),15:35:00,16:14:00
Darwin,-12.409959,130.8843271,FD874,8/7/2022,Darwin (DRW / YPDN),Elcho Island (ELC / YELD),16:39:00,17:19:00
Darwin,-12.409959,130.8843271,FD874,11/7/2022,Darwin (DRW / YPDN),Darwin (DRW / YPDN),07:40:00,08:21:00
Darwin,-12.409959,130.8843271,FD874,14/7/2022,Darwin (DRW / YPDN),Bathurst Island (BRT / YBTI),16:22:00,17:02:00
Darwin,-12.409959,130.8843271,FD874,5/7/2022,Darwin (DRW / YPDN),Snake Bay (SNB / YSNK),07:36:00,08:16:00
Darwin,-12.409959,130.8843271,FD874,15/7/2022,Darwin (DRW / YPDN),Maningrida (MNG / YMGD),18:04:00,18:44:00
Darwin,-12.409959,130.8843271,FD874,5/7/2022,Darwin (DRW / YPDN),Kalkgurung (KFG / YKKG),16:39:00,17:19:00
Darwin,-12.409959,130.8843271,FD849,18/7/2022,Darwin (DRW / YPDN),Tennant Creek (TCA / YTNK),20:20:00,21:00:00
Darwin,-12.409959,130.8843271,FD607,5/7/2022,Darwin (DRW / YPDN),Broome (BME / YBRM),13:53:00,14:34:00
Darwin,-12.409959,130.8843271,FD874,13/7/2022,Darwin (DRW / YPDN),RAAF Tindal (KTR / YPTN),15:15:00,15:55:00
Darwin,-12.409959,130.8843271,FD874,12/7/2022,Darwin (DRW / YPDN),Garden Point (GPN / YGPT),11:56:00,12:36:00
Darwin,-12.409959,130.8843271,FD874,6/7/2022,Darwin (DRW / YPDN),Snake Bay (SNB / YSNK),17:46:00,18:26:00
Dubbo,-32.21630507,148.5713217,FD213,14/7/2022,Dubbo (DBO / YSDU),Bankstown (BWU / YSBK),23:49:00,00:31:00
Dubbo,-32.21630507,148.5713217,FD211,5/7/2022,Dubbo (DBO / YSDU),Lightning Ridge (LHG / YLRD),10:00:00,10:41:00
Dubbo,-32.21630507,148.5713217,FD211,8/7/2022,Dubbo (DBO / YSDU),Collarenebri (CRB / YCBR),08:11:00,08:52:00
Dubbo,-32.21630507,148.5713217,FD213,17/7/2022,Dubbo (DBO / YSDU),Wagga Wagga (WGA / YSWG),10:12:00,10:54:00
Dubbo,-32.21630507,148.5713217,FD211,18/7/2022,Dubbo (DBO / YSDU),Lightning Ridge (LHG / YLRD),11:21:00,12:02:00
Dubbo,-32.21630507,148.5713217,FD213,16/7/2022,Dubbo (DBO / YSDU),Walgett (WGE / YWLG),08:18:00,08:59:00
Dubbo,-32.21630507,148.5713217,FD213,6/7/2022,Dubbo (DBO / YSDU),Broken Hill (BHQ / YBHI),15:03:00,15:45:00
Dubbo,-32.21630507,148.5713217,FD211,11/7/2022,Dubbo (DBO / YSDU),Bourke (BRK / YBKE),20:18:00,21:00:00
Dubbo,-32.21630507,148.5713217,FD211,6/7/2022,Dubbo (DBO / YSDU),Bourke (BRK / YBKE),17:20:00,18:01:00
Dubbo,-32.21630507,148.5713217,FD213,7/7/2022,Dubbo (DBO / YSDU),Brewarrina (BWQ / YBRW),09:05:00,09:46:00
Dubbo,-32.21630507,148.5713217,FD211,14/7/2022,Dubbo (DBO / YSDU),Brewarrina (BWQ / YBRW),19:34:00,20:15:00
Dubbo,-32.21630507,148.5713217,FD213,12/7/2022,Dubbo (DBO / YSDU),Mudgee (DGE / YMDG),13:29:00,14:10:00
Dubbo,-32.21630507,148.5713217,FD211,7/7/2022,Dubbo (DBO / YSDU),Bourke (BRK / YBKE),17:27:00,18:09:00
Dubbo,-32.21630507,148.5713217,FD213,8/7/2022,Dubbo (DBO / YSDU),Coonamble (CNB / YCNM),16:06:00,16:47:00
Dubbo,-32.21630507,148.5713217,FD213,16/7/2022,Dubbo (DBO / YSDU),Bankstown (BWU / YSBK),08:22:00,09:03:00
Dubbo,-32.21630507,148.5713217,FD211,12/7/2022,Dubbo (DBO / YSDU),Lightning Ridge (LHG / YLRD),18:08:00,18:49:00
Dubbo,-32.21630507,148.5713217,FD213,13/7/2022,Dubbo (DBO / YSDU),Sydney (SYD / YSSY),04:17:00,04:59:00
Dubbo,-32.21630507,148.5713217,FD211,13/7/2022,Dubbo (DBO / YSDU),Collarenebri (CRB / YCBR),19:12:00,19:53:00
Essendon,-37.755348,144.917298,AM273,18/7/2022,Essendon (MEB / YMEN),Sydney (SYD / YSSY),14:42:00,15:25:00
Essendon,-37.755348,144.917298,FD596,7/7/2022,Essendon (MEB / YMEN),Adelaide (ADL / YPAD),11:42:00,12:25:00
Jandakot,-32.093375,115.879601,FD602,8/7/2022,Jandakot (JAD / YPJT),Jandakot (JAD / YPJT),15:24:00,16:10:00
Jandakot,-32.093375,115.879601,FD602,5/7/2022,Jandakot (JAD / YPJT),Kalgoorlie-Boulder (KGI / YPKG),12:48:00,13:35:00
Jandakot,-32.093375,115.879601,FD617,7/7/2022,Jandakot (JAD / YPJT),Bunbury (BUY / YBUN),12:22:00,13:08:00
Jandakot,-32.093375,115.879601,FD602,10/7/2022,Jandakot (JAD / YPJT),Busselton Regional (BQB / YBLN),10:51:00,11:37:00
Jandakot,-32.093375,115.879601,FD601,5/7/2022,Jandakot (JAD / YPJT),Narrogin (YNRG),10:52:00,11:38:00
Jandakot,-32.093375,115.879601,FD624J,5/7/2022,Jandakot (JAD / YPJT),Broome (BME / YBRM),19:21:00,20:10:00
Jandakot,-32.093375,115.879601,FD602,8/7/2022,Jandakot (JAD / YPJT),Busselton Regional (BQB / YBLN),13:36:00,14:22:00
Jandakot,-32.093375,115.879601,FD601,14/7/2022,Jandakot (JAD / YPJT),Kalgoorlie-Boulder (KGI / YPKG),22:12:00,22:59:00
Jandakot,-32.093375,115.879601,FD607,16/7/2022,Jandakot (JAD / YPJT),Kalgoorlie-Boulder (KGI / YPKG),15:54:00,16:41:00
Jandakot,-32.093375,115.879601,FD608,6/7/2022,Jandakot (JAD / YPJT),Carnarvon (CVQ / YCAR),10:07:00,10:55:00
Jandakot,-32.093375,115.879601,FD601,6/7/2022,Jandakot (JAD / YPJT),Kalgoorlie-Boulder (KGI / YPKG),18:41:00,19:28:00
Jandakot,-32.093375,115.879601,FD629,12/7/2022,Jandakot (JAD / YPJT),Albany (ALH / YABA),01:33:00,02:20:00
Jandakot,-32.093375,115.879601,FD624J,8/7/2022,Jandakot (JAD / YPJT),Newman (ZNE / YNWN),18:31:00,19:19:00
Jandakot,-32.093375,115.879601,FD601,7/7/2022,Jandakot (JAD / YPJT),Kalgoorlie-Boulder (KGI / YPKG),15:45:00,16:32:00
Jandakot,-32.093375,115.879601,FD602,18/7/2022,Jandakot (JAD / YPJT),Meekatharra (MKR / YMEK),13:43:00,14:30:00
Jandakot,-32.093375,115.879601,FD617,6/7/2022,Jandakot (JAD / YPJT),Carnarvon (CVQ / YCAR),10:02:00,10:50:00
Jandakot,-32.093375,115.879601,FD619,16/7/2022,Jandakot (JAD / YPJT),Jandakot (JAD / YPJT),10:24:00,11:10:00
Jandakot,-32.093375,115.879601,FD619,8/7/2022,Jandakot (JAD / YPJT),Meekatharra (MKR / YMEK),10:11:00,10:59:00
Jandakot,-32.093375,115.879601,FD617,8/7/2022,Jandakot (JAD / YPJT),Mount James (YMJE),14:57:00,15:45:00
Jandakot,-32.093375,115.879601,FD617,8/7/2022,Jandakot (JAD / YPJT),Albany (ALH / YABA),21:09:00,21:56:00
Jandakot,-32.093375,115.879601,FD629,5/7/2022,Jandakot (JAD / YPJT),Leinster (LER / YLST),08:39:00,09:27:00
Jandakot,-32.093375,115.879601,FD624J,17/7/2022,Jandakot (JAD / YPJT),Broome (BME / YBRM),13:29:00,14:18:00
Jandakot,-32.093375,115.879601,FD608,8/7/2022,Jandakot (JAD / YPJT),Jandakot (JAD / YPJT),21:23:00,22:09:00
Jandakot,-32.093375,115.879601,FD608,11/7/2022,Jandakot (JAD / YPJT),Paraburdoo (YPBO),14:37:00,15:25:00
Jandakot,-32.093375,115.879601,FD630J,7/7/2022,Jandakot (JAD / YPJT),Carnarvon (CVQ / YCAR),18:11:00,18:59:00
Jandakot,-32.093375,115.879601,FD617,9/7/2022,Jandakot (JAD / YPJT),Narrogin (YNRG),15:45:00,16:31:00
Jandakot,-32.093375,115.879601,FD617,6/7/2022,Jandakot (JAD / YPJT),Meekatharra (MKR / YMEK),21:07:00,21:55:00
Jandakot,-32.093375,115.879601,FD629,5/7/2022,Jandakot (JAD / YPJT),Ravensthorpe (RVT / YNRV),03:14:00,04:01:00
Jandakot,-32.093375,115.879601,FD619,10/7/2022,Jandakot (JAD / YPJT),Meekatharra (MKR / YMEK),17:28:00,18:16:00
Jandakot,-32.093375,115.879601,FD602,6/7/2022,Jandakot (JAD / YPJT),Kalgoorlie-Boulder (KGI / YPKG),22:23:00,23:10:00
Jandakot,-32.093375,115.879601,FD608,13/7/2022,Jandakot (JAD / YPJT),Port Hedland (PHE / YPPD),16:10:00,16:59:00
Jandakot,-32.093375,115.879601,FD630J,6/7/2022,Jandakot (JAD / YPJT),Busselton Regional (BQB / YBLN),18:13:00,19:00:00
Jandakot,-32.093375,115.879601,FD617,6/7/2022,Jandakot (JAD / YPJT),Wyalkatchem (YWKM),11:44:00,12:30:00
Jandakot,-32.093375,115.879601,FD619,9/7/2022,Jandakot (JAD / YPJT),Meekatharra (MKR / YMEK),15:02:00,15:50:00
Jandakot,-32.093375,115.879601,FD608,17/7/2022,Jandakot (JAD / YPJT),Port Hedland (PHE / YPPD),19:47:00,20:36:00
Jandakot,-32.093375,115.879601,FD607,18/7/2022,Jandakot (JAD / YPJT),Kalgoorlie-Boulder (KGI / YPKG),22:19:00,23:06:00
Jandakot,-32.093375,115.879601,FD602,9/7/2022,Jandakot (JAD / YPJT),Albany (ALH / YABA),20:26:00,21:12:00
Jandakot,-32.093375,115.879601,FD608,7/7/2022,Jandakot (JAD / YPJT),Geraldton (GET / YGEL),08:17:00,09:04:00
Jandakot,-32.093375,115.879601,FD602,10/7/2022,Jandakot (JAD / YPJT),Rottnest Island (RTS / YRTI),17:17:00,18:03:00
Jandakot,-32.093375,115.879601,FD612,18/7/2022,Jandakot (JAD / YPJT),Boolgeeda (OCM / YBGD),13:15:00,14:04:00
Jandakot,-32.093375,115.879601,FD602,17/7/2022,Jandakot (JAD / YPJT),Meekatharra (MKR / YMEK),15:52:00,16:40:00
Jandakot,-32.093375,115.879601,FD617,6/7/2022,Jandakot (JAD / YPJT),Jurien Bay (YJUR),22:21:00,23:07:00
Jandakot,-32.093375,115.879601,FD602,8/7/2022,Jandakot (JAD / YPJT),Merredin (YMDN),17:55:00,18:41:00
Jandakot,-32.093375,115.879601,FD602,17/7/2022,Jandakot (JAD / YPJT),Meekatharra (MKR / YMEK),14:04:00,14:52:00
Jandakot,-32.093375,115.879601,FD607,18/7/2022,Jandakot (JAD / YPJT),Kalgoorlie-Boulder (KGI / YPKG),13:42:00,14:29:00
Jandakot,-32.093375,115.879601,FD629,13/7/2022,Jandakot (JAD / YPJT),Shark Bay (MJK / YSHK),15:01:00,15:49:00
Jandakot,-32.093375,115.879601,FD630J,15/7/2022,Jandakot (JAD / YPJT),Derby (DRB / YDBY),08:43:00,09:32:00
Jandakot,-32.093375,115.879601,FD608,14/7/2022,Jandakot (JAD / YPJT),Port Hedland (PHE / YPPD),20:14:00,21:03:00
Jandakot,-32.093375,115.879601,FD624J,13/7/2022,Jandakot (JAD / YPJT),Paraburdoo (YPBO),09:54:00,10:42:00
Jandakot,-32.093375,115.879601,FD617,4/7/2022,Jandakot (JAD / YPJT),Jandakot (JAD / YPJT),02:01:00,02:47:00
Jandakot,-32.093375,115.879601,FD602,8/7/2022,Jandakot (JAD / YPJT),Manjimup (MJP / YMJM),08:15:00,09:01:00
Jandakot,-32.093375,115.879601,FD601,7/7/2022,Jandakot (JAD / YPJT),Kalgoorlie-Boulder (KGI / YPKG),11:44:00,12:31:00
Jandakot,-32.093375,115.879601,FD624J,6/7/2022,Jandakot (JAD / YPJT),Broome (BME / YBRM),09:08:00,09:57:00
Jandakot,-32.093375,115.879601,FD630J,16/7/2022,Jandakot (JAD / YPJT),Newman (ZNE / YNWN),10:01:00,10:49:00
Jandakot,-32.093375,115.879601,FD619,15/7/2022,Jandakot (JAD / YPJT),Wiluna (WUN / YWLU),19:00:00,19:48:00
Jandakot,-32.093375,115.879601,FD602,13/7/2022,Jandakot (JAD / YPJT),Meekatharra (MKR / YMEK),16:49:00,17:37:00
Jandakot,-32.093375,115.879601,FD630J,12/7/2022,Jandakot (JAD / YPJT),Esperance (EPR / YESP),23:26:00,00:13:00
Jandakot,-32.093375,115.879601,FD624J,17/7/2022,Jandakot (JAD / YPJT),Broome (BME / YBRM),13:57:00,14:46:00
Jandakot,-32.093375,115.879601,FD602,11/7/2022,Jandakot (JAD / YPJT),Busselton Regional (BQB / YBLN),15:23:00,16:09:00
Jandakot,-32.093375,115.879601,FD629,14/7/2022,Jandakot (JAD / YPJT),Bunbury (BUY / YBUN),08:26:00,09:12:00
Jandakot,-32.093375,115.879601,FD624J,16/7/2022,Jandakot (JAD / YPJT),Broome (BME / YBRM),13:24:00,14:12:00
Jandakot,-32.093375,115.879601,FD630J,4/7/2022,Jandakot (JAD / YPJT),Paraburdoo (YPBO),18:59:00,19:47:00
Jandakot,-32.093375,115.879601,FD602,9/7/2022,Jandakot (JAD / YPJT),Shark Bay (MJK / YSHK),10:51:00,11:39:00
Jandakot,-32.093375,115.879601,FD624J,18/7/2022,Jandakot (JAD / YPJT),Broome (BME / YBRM),13:11:00,14:00:00
Jandakot,-32.093375,115.879601,FD602,10/7/2022,Jandakot (JAD / YPJT),Geraldton (GET / YGEL),16:17:00,17:04:00
Jandakot,-32.093375,115.879601,FD624J,16/7/2022,Jandakot (JAD / YPJT),Broome (BME / YBRM),10:55:00,11:44:00
Jandakot,-32.093375,115.879601,FD624J,15/7/2022,Jandakot (JAD / YPJT),Geraldton (GET / YGEL),23:42:00,00:28:00
Jandakot,-32.093375,115.879601,FD630J,5/7/2022,Jandakot (JAD / YPJT),Broome (BME / YBRM),15:34:00,16:23:00
Jandakot,-32.093375,115.879601,FD630J,14/7/2022,Jandakot (JAD / YPJT),Broome (BME / YBRM),17:30:00,18:19:00
Jandakot,-32.093375,115.879601,FD629,14/7/2022,Jandakot (JAD / YPJT),Meekatharra (MKR / YMEK),17:22:00,18:10:00
Jandakot,-32.093375,115.879601,FD602,11/7/2022,Jandakot (JAD / YPJT),Morawa (MWB / YMRW),07:25:00,08:11:00
Jandakot,-32.093375,115.879601,FD623,14/7/2022,Jandakot (JAD / YPJT),Broome (BME / YBRM),11:56:00,12:45:00
Jandakot,-32.093375,115.879601,FD619,15/7/2022,Jandakot (JAD / YPJT),Carnarvon (CVQ / YCAR),18:23:00,19:11:00
Jandakot,-32.093375,115.879601,FD630J,10/7/2022,Jandakot (JAD / YPJT),Karratha (KTA / YPKA),07:15:00,08:03:00
Jandakot,-32.093375,115.879601,FD619,17/7/2022,Jandakot (JAD / YPJT),Carnarvon (CVQ / YCAR),18:38:00,19:26:00
Jandakot,-32.093375,115.879601,FD619,12/7/2022,Jandakot (JAD / YPJT),Meekatharra (MKR / YMEK),01:22:00,02:10:00
Jandakot,-32.093375,115.879601,FD619,6/7/2022,Jandakot (JAD / YPJT),Meekatharra (MKR / YMEK),22:11:00,22:59:00
Jandakot,-32.093375,115.879601,FD624J,7/7/2022,Jandakot (JAD / YPJT),Broome (BME / YBRM),11:21:00,12:10:00
Jandakot,-32.093375,115.879601,FD602,4/7/2022,Jandakot (JAD / YPJT),Kalgoorlie-Boulder (KGI / YPKG),09:00:00,09:47:00
Jandakot,-32.093375,115.879601,FD619,16/7/2022,Jandakot (JAD / YPJT),Esperance (EPR / YESP),12:48:00,13:35:00
Jandakot,-32.093375,115.879601,FD630J,17/7/2022,Jandakot (JAD / YPJT),Kalgoorlie-Boulder (KGI / YPKG),13:56:00,14:42:00
Jandakot,-32.093375,115.879601,FD601,8/7/2022,Jandakot (JAD / YPJT),Kalgoorlie-Boulder (KGI / YPKG),12:25:00,13:12:00
Jandakot,-32.093375,115.879601,FD624J,9/7/2022,Jandakot (JAD / YPJT),Broome (BME / YBRM),22:18:00,23:07:00
Jandakot,-32.093375,115.879601,FD601,14/7/2022,Jandakot (JAD / YPJT),Kalgoorlie-Boulder (KGI / YPKG),00:57:00,01:44:00
Jandakot,-32.093375,115.879601,FD630J,14/7/2022,Jandakot (JAD / YPJT),Geraldton (GET / YGEL),12:22:00,13:08:00
Jandakot,-32.093375,115.879601,FD602,15/7/2022,Jandakot (JAD / YPJT),Meekatharra (MKR / YMEK),15:53:00,16:41:00
Jandakot,-32.093375,115.879601,FD629,15/7/2022,Jandakot (JAD / YPJT),Broome (BME / YBRM),12:20:00,13:09:00
Jandakot,-32.093375,115.879601,FD619,13/7/2022,Jandakot (JAD / YPJT),Jandakot (JAD / YPJT),13:13:00,13:59:00
Jandakot,-32.093375,115.879601,FD617,4/7/2022,Jandakot (JAD / YPJT),Meekatharra (MKR / YMEK),21:22:00,22:10:00
Jandakot,-32.093375,115.879601,FD619,11/7/2022,Jandakot (JAD / YPJT),Meekatharra (MKR / YMEK),10:08:00,10:56:00
Jandakot,-32.093375,115.879601,FD630J,11/7/2022,Jandakot (JAD / YPJT),Broome (BME / YBRM),10:13:00,11:02:00
Jandakot,-32.093375,115.879601,FD602,11/7/2022,Jandakot (JAD / YPJT),Merredin (YMDN),10:51:00,11:37:00
Jandakot,-32.093375,115.879601,FD602,10/7/2022,Jandakot (JAD / YPJT),Carnarvon (CVQ / YCAR),16:16:00,17:04:00
Jandakot,-32.093375,115.879601,FD629,4/7/2022,Jandakot (JAD / YPJT),Geraldton (GET / YGEL),18:06:00,18:53:00
Jandakot,-32.093375,115.879601,FD619,7/7/2022,Jandakot (JAD / YPJT),Meekatharra (MKR / YMEK),22:23:00,23:11:00
Jandakot,-32.093375,115.879601,FD629,13/7/2022,Jandakot (JAD / YPJT),Carnarvon (CVQ / YCAR),02:42:00,03:30:00
Longreach,-23.4377341,144.2741776,FD456,11/7/2022,Longreach (YLRE),Roma (RMA / YROM),13:15:00,14:10:00
Longreach,-23.4377341,144.2741776,FD456,8/7/2022,Longreach (YLRE),Toowoomba (YTWB),09:54:00,10:49:00
Longreach,-23.4377341,144.2741776,FD480,11/7/2022,Longreach (YLRE),Townsville (TSV / YBTL),19:00:00,19:54:00
Longreach,-23.4377341,144.2741776,FD478,5/7/2022,Longreach (YLRE),Roma (RMA / YROM),00:43:00,01:38:00
Longreach,-23.4377341,144.2741776,FD456,14/7/2022,Longreach (YLRE),Rockhampton (ROK / YBRK),21:05:00,22:00:00
Longreach,-23.4377341,144.2741776,FD456,9/7/2022,Longreach (YLRE),Rockhampton (ROK / YBRK),21:22:00,22:17:00
Longreach,-23.4377341,144.2741776,FD478,13/7/2022,Longreach (YLRE),Brisbane (BNE / YBBN),11:41:00,12:36:00
Longreach,-23.4377341,144.2741776,FD456,10/7/2022,Longreach (YLRE),Taroom (XTO / YTAM),17:20:00,18:15:00
Marla,-27.32676353,133.629498,FD543,12/7/2022,Marla (YALA),Cadney Hs (YCDH),07:27:00,08:23:00
Marla,-27.32676353,133.629498,FD543,12/7/2022,Marla (YALA),Oodnadatta (YOOD),09:52:00,10:48:00
Marla,-27.32676353,133.629498,FD849,10/7/2022,Marla (YALA),Alice Springs (ASP / YBAS),11:37:00,12:33:00
Marree,-29.65791918,138.0702246,FD543,14/7/2022,Marree (YMRE),Port Augusta (PUG / YPAG),23:12:00,00:08:00
Marree,-29.65791918,138.0702246,FD543,14/7/2022,Marree (YMRE),Ernabella (ERB / YERN),15:12:00,16:08:00
Meekatharra,-26.6110138,118.5459084,FD619,15/7/2022,Meekatharra (MKR / YMEK),Jandakot (JAD / YPJT),10:45:00,11:42:00
Meekatharra,-26.6110138,118.5459084,FD602,17/7/2022,Meekatharra (MKR / YMEK),Geraldton (GET / YGEL),05:43:00,06:40:00
Meekatharra,-26.6110138,118.5459084,FD629,15/7/2022,Meekatharra (MKR / YMEK),Jandakot (JAD / YPJT),06:13:00,07:11:00
Meekatharra,-26.6110138,118.5459084,FD629,5/7/2022,Meekatharra (MKR / YMEK),Jandakot (JAD / YPJT),01:19:00,02:17:00
Meekatharra,-26.6110138,118.5459084,FD619,5/7/2022,Meekatharra (MKR / YMEK),Shark Bay (MJK / YSHK),18:58:00,19:55:00
Meekatharra,-26.6110138,118.5459084,FD619,12/7/2022,Meekatharra (MKR / YMEK),Newman (ZNE / YNWN),20:53:00,21:50:00
Meekatharra,-26.6110138,118.5459084,FD619,10/7/2022,Meekatharra (MKR / YMEK),Jandakot (JAD / YPJT),23:09:00,00:07:00
Meekatharra,-26.6110138,118.5459084,FD617,6/7/2022,Meekatharra (MKR / YMEK),Jandakot (JAD / YPJT),11:59:00,12:57:00
Meekatharra,-26.6110138,118.5459084,FD619,8/7/2022,Meekatharra (MKR / YMEK),Geraldton (GET / YGEL),17:05:00,18:02:00
Meekatharra,-26.6110138,118.5459084,FD617,4/7/2022,Meekatharra (MKR / YMEK),Jandakot (JAD / YPJT),14:46:00,15:44:00
Meekatharra,-26.6110138,118.5459084,FD619,11/7/2022,Meekatharra (MKR / YMEK),Geraldton (GET / YGEL),13:56:00,14:53:00
Meekatharra,-26.6110138,118.5459084,FD607,18/7/2022,Meekatharra (MKR / YMEK),Mount Keith (WME / YMNE),18:44:00,19:41:00
Meekatharra,-26.6110138,118.5459084,FD619,13/7/2022,Meekatharra (MKR / YMEK),Paraburdoo (YPBO),00:39:00,01:36:00
Meekatharra,-26.6110138,118.5459084,FD602,18/7/2022,Meekatharra (MKR / YMEK),RAAF Learmonth (LEA / YPLM),18:08:00,19:06:00
Meekatharra,-26.6110138,118.5459084,FD617,5/7/2022,Meekatharra (MKR / YMEK),Newman (ZNE / YNWN),09:42:00,10:39:00
Meekatharra,-26.6110138,118.5459084,FD619,9/7/2022,Meekatharra (MKR / YMEK),Newman (ZNE / YNWN),22:17:00,23:14:00
Meekatharra,-26.6110138,118.5459084,FD602,16/7/2022,Meekatharra (MKR / YMEK),Giles (YGLS),11:36:00,12:34:00
Meekatharra,-26.6110138,118.5459084,FD619,6/7/2022,Meekatharra (MKR / YMEK),Carnarvon (CVQ / YCAR),12:35:00,13:33:00
Meekatharra,-26.6110138,118.5459084,FD629,14/7/2022,Meekatharra (MKR / YMEK),Broome (BME / YBRM),13:51:00,14:49:00
Meekatharra,-26.6110138,118.5459084,FD602,15/7/2022,Meekatharra (MKR / YMEK),Geraldton (GET / YGEL),16:09:00,17:06:00
Meekatharra,-26.6110138,118.5459084,FD619,7/7/2022,Meekatharra (MKR / YMEK),Wiluna (WUN / YWLU),11:40:00,12:37:00
Meekatharra,-26.6110138,118.5459084,FD619,12/7/2022,Meekatharra (MKR / YMEK),Shark Bay (MJK / YSHK),09:10:00,10:08:00
Richmond,-37.818751,145.0016709,FD423,5/7/2022,Richmond (RCM / YRMD),Townsville (TSV / YBTL),09:38:00,11:00:00
Rockhampton,-23.3728683,150.475548,FD427,10/7/2022,Rockhampton (ROK / YBRK),Brisbane (BNE / YBBN),01:14:00,02:42:00
Rockhampton,-23.3728683,150.475548,FD425,6/7/2022,Rockhampton (ROK / YBRK),Hervey Bay (HVB / YHBA),21:26:00,22:50:00
Rockhampton,-23.3728683,150.475548,FD449,4/7/2022,Rockhampton (ROK / YBRK),Gladstone (GLT / YGLA),21:02:00,22:24:00
Rockhampton,-23.3728683,150.475548,FD489,8/7/2022,Rockhampton (ROK / YBRK),Brisbane (BNE / YBBN),19:13:00,20:40:00
Rockhampton,-23.3728683,150.475548,FD449,15/7/2022,Rockhampton (ROK / YBRK),Emerald (EMD / YEML),21:52:00,23:15:00
Rockhampton,-23.3728683,150.475548,FD456,11/7/2022,Rockhampton (ROK / YBRK),Gayndah (GAH / YGAY),13:26:00,14:51:00
Rockhampton,-23.3728683,150.475548,FD449,7/7/2022,Rockhampton (ROK / YBRK),Emerald (EMD / YEML),13:47:00,15:12:00
Rockhampton,-23.3728683,150.475548,FD449,4/7/2022,Rockhampton (ROK / YBRK),Mackay (MKY / YBMK),20:45:00,22:12:00
Rockhampton,-23.3728683,150.475548,FD449,6/7/2022,Rockhampton (ROK / YBRK),Gladstone (GLT / YGLA),23:46:00,01:08:00
Rockhampton,-23.3728683,150.475548,FD449,9/7/2022,Rockhampton (ROK / YBRK),Emerald (EMD / YEML),14:42:00,16:06:00
Rockhampton,-23.3728683,150.475548,FD449,9/7/2022,Rockhampton (ROK / YBRK),Townsville (TSV / YBTL),11:22:00,12:52:00
Rockhampton,-23.3728683,150.475548,FD478,4/7/2022,Rockhampton (ROK / YBRK),Brisbane (BNE / YBBN),08:31:00,09:58:00
Rockhampton,-23.3728683,150.475548,FD449,12/7/2022,Rockhampton (ROK / YBRK),Emerald (EMD / YEML),19:57:00,21:21:00
Rockhampton,-23.3728683,150.475548,FD489,5/7/2022,Rockhampton (ROK / YBRK),Brisbane (BNE / YBBN),21:11:00,22:38:00
Rockhampton,-23.3728683,150.475548,FD489,11/7/2022,Rockhampton (ROK / YBRK),Cairns (CNS / YBCS),17:51:00,19:21:00
Rockhampton,-23.3728683,150.475548,FD456,11/7/2022,Rockhampton (ROK / YBRK),Brisbane (BNE / YBBN),01:12:00,02:39:00
Rockhampton,-23.3728683,150.475548,FD456,14/7/2022,Rockhampton (ROK / YBRK),Maroochydore/Sunshine Coast (MCY / YBSU),13:00:00,14:28:00
Rockhampton,-23.3728683,150.475548,FD467,7/7/2022,Rockhampton (ROK / YBRK),Brisbane (BNE / YBBN),04:10:00,05:37:00
Rockhampton,-23.3728683,150.475548,FD449,11/7/2022,Rockhampton (ROK / YBRK),Bundaberg (BDB / YBUD),14:42:00,16:06:00
Rockhampton,-23.3728683,150.475548,FD449,8/7/2022,Rockhampton (ROK / YBRK),Blackall (BKQ / YBCK),18:14:00,19:43:00
Rockhampton,-23.3728683,150.475548,FD456,10/7/2022,Rockhampton (ROK / YBRK),Longreach (YLRE),13:35:00,15:05:00
Rockhampton,-23.3728683,150.475548,FD456,15/7/2022,Rockhampton (ROK / YBRK),Kingaroy (KGY / YKRY),16:25:00,17:51:00
Rockhampton,-23.3728683,150.475548,FD478,16/7/2022,Rockhampton (ROK / YBRK),Brisbane (BNE / YBBN),20:11:00,21:38:00
Rockhampton,-23.3728683,150.475548,FD467,6/7/2022,Rockhampton (ROK / YBRK),Maroochydore/Sunshine Coast (MCY / YBSU),23:51:00,01:18:00
Rockhampton,-23.3728683,150.475548,FD449,13/7/2022,Rockhampton (ROK / YBRK),Bundaberg (BDB / YBUD),00:56:00,02:20:00
Rockhampton,-23.3728683,150.475548,FD478,8/7/2022,Rockhampton (ROK / YBRK),Brisbane (BNE / YBBN),17:04:00,18:32:00
Rockhampton,-23.3728683,150.475548,FD478,12/7/2022,Rockhampton (ROK / YBRK),Barcaldine (BCI / YBAR),19:22:00,20:51:00
Rockhampton,-23.3728683,150.475548,FD478,17/7/2022,Rockhampton (ROK / YBRK),Thangool (THG / YTNG),19:41:00,21:04:00
Rockhampton,-23.3728683,150.475548,FD489,6/7/2022,Rockhampton (ROK / YBRK),Mackay (MKY / YBMK),16:25:00,17:50:00
Rockhampton,-23.3728683,150.475548,FD478,15/7/2022,Rockhampton (ROK / YBRK),Brisbane (BNE / YBBN),14:15:00,15:43:00
Rockhampton,-23.3728683,150.475548,FD456,8/7/2022,Rockhampton (ROK / YBRK),Brisbane (BNE / YBBN),13:39:00,15:06:00
Rockhampton,-23.3728683,150.475548,FD427,17/7/2022,Rockhampton (ROK / YBRK),Brisbane (BNE / YBBN),00:48:00,02:15:00
Rockhampton,-23.3728683,150.475548,FD456,9/7/2022,Rockhampton (ROK / YBRK),Roma (RMA / YROM),11:16:00,12:42:00
Rockhampton,-23.3728683,150.475548,FD425,16/7/2022,Rockhampton (ROK / YBRK),Alpha (ABH / YAPH),17:10:00,18:36:00
Rockhampton,-23.3728683,150.475548,FD456,11/7/2022,Rockhampton (ROK / YBRK),Hervey Bay (HVB / YHBA),19:40:00,21:05:00
Rockhampton,-23.3728683,150.475548,FD478,13/7/2022,Rockhampton (ROK / YBRK),Longreach (YLRE),16:08:00,17:38:00
Rockhampton,-23.3728683,150.475548,FD449,11/7/2022,Rockhampton (ROK / YBRK),Theodore (YTDR),00:26:00,01:49:00
Rockhampton,-23.3728683,150.475548,FD456,17/7/2022,Rockhampton (ROK / YBRK),Brisbane (BNE / YBBN),08:23:00,09:52:00
Rockhampton,-23.3728683,150.475548,FD425,5/7/2022,Rockhampton (ROK / YBRK),Bundaberg (BDB / YBUD),10:05:00,11:28:00
Rockhampton,-23.3728683,150.475548,FD425,17/7/2022,Rockhampton (ROK / YBRK),Bundaberg (BDB / YBUD),16:27:00,17:52:00
Rockhampton,-23.3728683,150.475548,FD425,14/7/2022,Rockhampton (ROK / YBRK),Bundaberg (BDB / YBUD),17:47:00,19:11:00
Rockhampton,-23.3728683,150.475548,FD467,14/7/2022,Rockhampton (ROK / YBRK),Brisbane (BNE / YBBN),13:42:00,15:11:00
Rockhampton,-23.3728683,150.475548,FD449,8/7/2022,Rockhampton (ROK / YBRK),Gladstone (GLT / YGLA),14:35:00,15:57:00
Rockhampton,-23.3728683,150.475548,FD449,15/7/2022,Rockhampton (ROK / YBRK),Dysart (DYA / YDYS),11:18:00,12:42:00
Rockhampton,-23.3728683,150.475548,FD456,10/7/2022,Rockhampton (ROK / YBRK),Longreach (YLRE),15:35:00,17:05:00
Rockhampton,-23.3728683,150.475548,FD449,17/7/2022,Rockhampton (ROK / YBRK),Brisbane (BNE / YBBN),09:18:00,10:45:00
Rockhampton,-23.3728683,150.475548,FD456,6/7/2022,Rockhampton (ROK / YBRK),Brisbane (BNE / YBBN),14:41:00,16:09:00
Rockhampton,-23.3728683,150.475548,FD449,5/7/2022,Rockhampton (ROK / YBRK),Gladstone (GLT / YGLA),22:51:00,00:13:00
Rockhampton,-23.3728683,150.475548,FD425,11/7/2022,Rockhampton (ROK / YBRK),Bundaberg (BDB / YBUD),08:31:00,09:55:00
Rockhampton,-23.3728683,150.475548,FD456,5/7/2022,Rockhampton (ROK / YBRK),Brisbane (BNE / YBBN),11:38:00,13:05:00
Rockhampton,-23.3728683,150.475548,FD449,4/7/2022,Rockhampton (ROK / YBRK),Rockhampton (ROK / YBRK),16:57:00,18:25:00
Rockhampton,-23.3728683,150.475548,FD449,10/7/2022,Rockhampton (ROK / YBRK),Blackall (BKQ / YBCK),17:03:00,18:32:00
Rockhampton,-23.3728683,150.475548,FD489,6/7/2022,Rockhampton (ROK / YBRK),Brisbane (BNE / YBBN),00:05:00,01:33:00
Rockhampton,-23.3728683,150.475548,FD456,12/7/2022,Rockhampton (ROK / YBRK),Emerald (EMD / YEML),19:01:00,20:25:00
Rockhampton,-23.3728683,150.475548,FD489,5/7/2022,Rockhampton (ROK / YBRK),Gladstone (GLT / YGLA),13:57:00,15:19:00
Rockhampton,-23.3728683,150.475548,FD449,7/7/2022,Rockhampton (ROK / YBRK),Maryborough (MBH / YMYB),12:35:00,14:00:00
Rockhampton,-23.3728683,150.475548,FD456,16/7/2022,Rockhampton (ROK / YBRK),Brisbane (BNE / YBBN),18:00:00,19:29:00
Rockhampton,-23.3728683,150.475548,FD478,17/7/2022,Rockhampton (ROK / YBRK),Kingaroy (KGY / YKRY),10:35:00,12:01:00
Rockhampton,-23.3728683,150.475548,FD449,17/7/2022,Rockhampton (ROK / YBRK),Brisbane (BNE / YBBN),16:12:00,17:40:00
Rockhampton,-23.3728683,150.475548,FD478,14/7/2022,Rockhampton (ROK / YBRK),Emerald (EMD / YEML),15:57:00,17:21:00
Rockhampton,-23.3728683,150.475548,FD478,13/7/2022,Rockhampton (ROK / YBRK),Blackall (BKQ / YBCK),12:24:00,13:54:00
Rockhampton,-23.3728683,150.475548,FD456,5/7/2022,Rockhampton (ROK / YBRK),Brisbane (BNE / YBBN),11:34:00,13:02:00
Rockhampton,-23.3728683,150.475548,FD449,14/7/2022,Rockhampton (ROK / YBRK),Bundaberg (BDB / YBUD),14:27:00,15:52:00
Rockhampton,-23.3728683,150.475548,FD478,14/7/2022,Rockhampton (ROK / YBRK),Moura (YMOU),15:28:00,16:51:00
Rockhampton,-23.3728683,150.475548,FD467,15/7/2022,Rockhampton (ROK / YBRK),Brisbane (BNE / YBBN),01:34:00,03:04:00
Rockhampton,-23.3728683,150.475548,FD489,7/7/2022,Rockhampton (ROK / YBRK),Gladstone (GLT / YGLA),17:08:00,18:30:00
Rockhampton,-23.3728683,150.475548,FD478,6/7/2022,Rockhampton (ROK / YBRK),Brisbane (BNE / YBBN),13:59:00,15:27:00
Roma,-26.5439832,148.7792139,FD456,11/7/2022,Roma (RMA / YROM),Brisbane (BNE / YBBN),11:37:00,13:07:00
Roma,-26.5439832,148.7792139,FD493,17/7/2022,Roma (RMA / YROM),Kingaroy (KGY / YKRY),13:53:00,15:23:00
Roma,-26.5439832,148.7792139,FD456,7/7/2022,Roma (RMA / YROM),Mitchell (YMIT),17:51:00,19:21:00
Roma,-26.5439832,148.7792139,FD456,9/7/2022,Roma (RMA / YROM),Longreach (YLRE),20:51:00,22:21:00
Roma,-26.5439832,148.7792139,FD489,8/7/2022,Roma (RMA / YROM),Toowoomba (YTWB),09:46:00,11:16:00
Roma,-26.5439832,148.7792139,FD467,15/7/2022,Roma (RMA / YROM),Toowoomba (YTWB),13:53:00,15:23:00
Roma,-26.5439832,148.7792139,FD478,5/7/2022,Roma (RMA / YROM),Brisbane (BNE / YBBN),15:51:00,17:21:00
Roma,-26.5439832,148.7792139,FD456,4/7/2022,Roma (RMA / YROM),Brisbane (BNE / YBBN),20:00:00,21:30:00
Roma,-26.5439832,148.7792139,FD493,7/7/2022,Roma (RMA / YROM),Thargomindah (XTG / YTGM),20:51:00,22:21:00
Tamworth,-31.0844541,150.8483738,AM273,18/7/2022,Tamworth (TMW / YSTW),Coffs Harbour (YCFS),16:15:00,17:52:00
Tamworth,-31.0844541,150.8483738,AM273,6/7/2022,Tamworth (TMW / YSTW),Newcastle-Williamtown Airport / RAAF (NTL / YWLM),12:05:00,13:43:00
Tamworth,-31.0844541,150.8483738,AM273,11/7/2022,Tamworth (TMW / YSTW),Newcastle-Williamtown Airport / RAAF (NTL / YWLM),13:42:00,15:20:00
Tamworth,-31.0844541,150.8483738,AM273,9/7/2022,Tamworth (TMW / YSTW),Newcastle-Williamtown Airport / RAAF (NTL / YWLM),14:47:00,16:24:00
Tamworth,-31.0844541,150.8483738,AM273,10/7/2022,Tamworth (TMW / YSTW),Coffs Harbour (YCFS),18:16:00,19:54:00
Tamworth,-31.0844541,150.8483738,AM273,7/7/2022,Tamworth (TMW / YSTW),Newcastle-Williamtown Airport / RAAF (NTL / YWLM),11:40:00,13:17:00
Tamworth,-31.0844541,150.8483738,AM273,6/7/2022,Tamworth (TMW / YSTW),Newcastle-Williamtown Airport / RAAF (NTL / YWLM),19:37:00,21:15:00
Townsville,-19.2529253,146.7730751,FD480,13/7/2022,Townsville (TSV / YBTL),Mount Isa (ISA / YBMA),16:45:00,18:51:00
Townsville,-19.2529253,146.7730751,FD480,7/7/2022,Townsville (TSV / YBTL),Mackay (MKY / YBMK),01:25:00,03:16:00
Townsville,-19.2529253,146.7730751,FD480,6/7/2022,Townsville (TSV / YBTL),Cairns (CNS / YBCS),22:44:00,00:39:00
Townsville,-19.2529253,146.7730751,FD480,6/7/2022,Townsville (TSV / YBTL),Winton (WIN / YWTN),10:06:00,12:04:00
Townsville,-19.2529253,146.7730751,FD480,5/7/2022,Townsville (TSV / YBTL),Mackay (MKY / YBMK),12:57:00,14:47:00
Townsville,-19.2529253,146.7730751,FD423,11/7/2022,Townsville (TSV / YBTL),Horn Island (YHID),01:16:00,03:29:00
Townsville,-19.2529253,146.7730751,FD480,14/7/2022,Townsville (TSV / YBTL),Mackay (MKY / YBMK),07:48:00,09:40:00
Townsville,-19.2529253,146.7730751,FD416,4/7/2022,Townsville (TSV / YBTL),Normanton (YNTN),12:56:00,14:56:00
Townsville,-19.2529253,146.7730751,FD423,17/7/2022,Townsville (TSV / YBTL),Proserpine / Whitsunday Coast (PPP / YBPN),17:21:00,19:11:00
Townsville,-19.2529253,146.7730751,FD480,9/7/2022,Townsville (TSV / YBTL),Cairns (CNS / YBCS),15:47:00,17:39:00
Townsville,-19.2529253,146.7730751,FD423,17/7/2022,Townsville (TSV / YBTL),Charters Towers (CXT / YCHT),23:31:00,01:20:00
Townsville,-19.2529253,146.7730751,FD449,9/7/2022,Townsville (TSV / YBTL),Rockhampton (ROK / YBRK),12:44:00,14:42:00
Townsville,-19.2529253,146.7730751,FD423,10/7/2022,Townsville (TSV / YBTL),Moranbah (MOV / YMRB),09:58:00,11:53:00
Townsville,-19.2529253,146.7730751,FD480,10/7/2022,Townsville (TSV / YBTL),Mackay (MKY / YBMK),11:02:00,12:53:00
Townsville,-19.2529253,146.7730751,FD480,10/7/2022,Townsville (TSV / YBTL),Cooktown (CTN / YCKN),20:22:00,22:19:00
Townsville,-19.2529253,146.7730751,FD423,18/7/2022,Townsville (TSV / YBTL),Hughenden (HGD / YHUG),09:25:00,11:18:00
Townsville,-19.2529253,146.7730751,FD423,18/7/2022,Townsville (TSV / YBTL),Cairns (CNS / YBCS),00:26:00,02:20:00
Townsville,-19.2529253,146.7730751,FD480,7/7/2022,Townsville (TSV / YBTL),Dysart (DYA / YDYS),16:17:00,18:12:00
Townsville,-19.2529253,146.7730751,FD480,12/7/2022,Townsville (TSV / YBTL),Cloncurry (CNJ / YCCY),16:58:00,19:01:00
Townsville,-19.2529253,146.7730751,FD423,13/7/2022,Townsville (TSV / YBTL),Cairns (CNS / YBCS),22:44:00,00:39:00
Townsville,-19.2529253,146.7730751,FD423,17/7/2022,Townsville (TSV / YBTL),Hughenden (HGD / YHUG),12:08:00,13:59:00
Townsville,-19.2529253,146.7730751,FD423,12/7/2022,Townsville (TSV / YBTL),Horn Island (YHID),05:59:00,08:11:00
Townsville,-19.2529253,146.7730751,FD423,5/7/2022,Townsville (TSV / YBTL),Richmond (RCM / YRMD),19:03:00,20:59:00
Townsville,-19.2529253,146.7730751,FD423,11/7/2022,Townsville (TSV / YBTL),Normanton (YNTN),12:12:00,14:11:00
Townsville,-19.2529253,146.7730751,FD423,15/7/2022,Townsville (TSV / YBTL),Mackay (MKY / YBMK),11:22:00,13:14:00
Townsville,-19.2529253,146.7730751,FD480,12/7/2022,Townsville (TSV / YBTL),Clermont (CMQ / YCMT),20:38:00,22:34:00
Townsville,-19.2529253,146.7730751,FD423,14/7/2022,Townsville (TSV / YBTL),Normanton (YNTN),01:23:00,03:23:00
Townsville,-19.2529253,146.7730751,FD423,6/7/2022,Townsville (TSV / YBTL),Mount Isa (ISA / YBMA),00:17:00,02:22:00
Townsville,-19.2529253,146.7730751,FD480,15/7/2022,Townsville (TSV / YBTL),Innisfail (YIFL),14:58:00,16:48:00
Townsville,-19.2529253,146.7730751,FD416,15/7/2022,Townsville (TSV / YBTL),Mount Isa (ISA / YBMA),15:08:00,17:13:00
Townsville,-19.2529253,146.7730751,FD480,11/7/2022,Townsville (TSV / YBTL),Cairns (CNS / YBCS),03:12:00,05:04:00
Townsville,-19.2529253,146.7730751,FD423,15/7/2022,Townsville (TSV / YBTL),Cairns (CNS / YBCS),10:05:00,11:58:00
Townsville,-19.2529253,146.7730751,FD423,10/7/2022,Townsville (TSV / YBTL),Brisbane (BNE / YBBN),00:10:00,02:22:00
Townsville,-19.2529253,146.7730751,FD480,8/7/2022,Townsville (TSV / YBTL),Bowen (ZBO / YBWN),13:49:00,15:38:00
Townsville,-19.2529253,146.7730751,FD480,13/7/2022,Townsville (TSV / YBTL),Mareeba (MRG / YMBA),11:01:00,12:51:00
Townsville,-19.2529253,146.7730751,FD480,9/7/2022,Townsville (TSV / YBTL),Mount Isa (ISA / YBMA),11:53:00,14:00:00
Townsville,-19.2529253,146.7730751,FD480,16/7/2022,Townsville (TSV / YBTL),Mount Isa (ISA / YBMA),23:31:00,01:36:00
Townsville,-19.2529253,146.7730751,FD480,8/7/2022,Townsville (TSV / YBTL),Mount Isa (ISA / YBMA),14:08:00,16:17:00
Townsville,-19.2529253,146.7730751,FD480,5/7/2022,Townsville (TSV / YBTL),Mackay (MKY / YBMK),03:08:00,04:58:00
Townsville,-19.2529253,146.7730751,FD480,6/7/2022,Townsville (TSV / YBTL),Cairns (CNS / YBCS),11:04:00,12:57:00
Townsville,-19.2529253,146.7730751,FD416,16/7/2022,Townsville (TSV / YBTL),Osborne Mine (YOSB),11:17:00,13:18:00
Townsville,-19.2529253,146.7730751,FD480,5/7/2022,Townsville (TSV / YBTL),Hughenden (HGD / YHUG),20:51:00,22:46:00
Townsville,-19.2529253,146.7730751,FD423,13/7/2022,Townsville (TSV / YBTL),Moranbah (MOV / YMRB),12:33:00,14:26:00
Townsville,-19.2529253,146.7730751,FD489,15/7/2022,Townsville (TSV / YBTL),Cairns (CNS / YBCS),11:45:00,13:39:00
Townsville,-19.2529253,146.7730751,FD480,7/7/2022,Townsville (TSV / YBTL),Winton (WIN / YWTN),21:23:00,23:21:00
Townsville,-19.2529253,146.7730751,FD423,15/7/2022,Townsville (TSV / YBTL),Cairns (CNS / YBCS),16:41:00,18:33:00
Townsville,-19.2529253,146.7730751,FD423,10/7/2022,Townsville (TSV / YBTL),Cairns (CNS / YBCS),00:28:00,02:19:00
Townsville,-19.2529253,146.7730751,FD416,11/7/2022,Townsville (TSV / YBTL),Mount Isa (ISA / YBMA),09:44:00,11:54:00
Townsville,-19.2529253,146.7730751,FD416,4/7/2022,Townsville (TSV / YBTL),Mount Isa (ISA / YBMA),13:08:00,15:13:00
Townsville,-19.2529253,146.7730751,FD423,16/7/2022,Townsville (TSV / YBTL),Mount Isa (ISA / YBMA),01:07:00,03:19:00
Townsville,-19.2529253,146.7730751,FD423,14/7/2022,Townsville (TSV / YBTL),Mount Isa (ISA / YBMA),08:14:00,10:26:00
Townsville,-19.2529253,146.7730751,FD423,16/7/2022,Townsville (TSV / YBTL),Mount Isa (ISA / YBMA),02:10:00,04:16:00
Townsville,-19.2529253,146.7730751,FD423,17/7/2022,Townsville (TSV / YBTL),Cairns (CNS / YBCS),03:34:00,05:29:00
Townsville,-19.2529253,146.7730751,FD423,7/7/2022,Townsville (TSV / YBTL),Cairns (CNS / YBCS),14:58:00,16:50:00
Townsville,-19.2529253,146.7730751,FD423,12/7/2022,Townsville (TSV / YBTL),Cooktown (CTN / YCKN),12:41:00,14:38:00
Townsville,-19.2529253,146.7730751,FD423,15/7/2022,Townsville (TSV / YBTL),Cairns (CNS / YBCS),06:22:00,08:15:00
Townsville,-19.2529253,146.7730751,FD480,17/7/2022,Townsville (TSV / YBTL),Mount Isa (ISA / YBMA),05:19:00,07:23:00
Townsville,-19.2529253,146.7730751,FD480,8/7/2022,Townsville (TSV / YBTL),Mackay (MKY / YBMK),00:45:00,02:36:00
Townsville,-19.2529253,146.7730751,FD416,5/7/2022,Townsville (TSV / YBTL),Mount Isa (ISA / YBMA),10:13:00,12:25:00
Townsville,-19.2529253,146.7730751,FD480,14/7/2022,Townsville (TSV / YBTL),Mackay (MKY / YBMK),13:04:00,14:56:00
